;Dealer/Rep;Nfe Dataemissao;Nfe Nronotafiscal;NFE_EMIT_CNPJ;NFE_EMIT_RAZAOSOCIAL;Unnamed: 5;Nfe Dest Cnpj;NFE_DEST_RAZAOSOCIAL;NFE_DEST_ESTADO;DEST_CODIGOMUNICIPIO;DEST_NOMEMUNICIPIO;DEST_BAIRRO;DEST_NOMEPRODUTO;Dest Qtdeproduto;DEST_UNIDADE;Numero Produto;Dest Codigocfop
0;MEDHOSTER;05/04/2022;4.994;22.958.146/0001-87;MEDHOSTER COMERCIO DE PRODUTOS MEDICOS E HOSPITALARES LTDA;PB;8573540000176;PLASTIC SERVICOS MEDICOS;RN;;NATAL;BARRO VERMELHO;LIQUI-JET ;1;GL;103708;6102
1;MEDHOSTER;05/04/2022;4.994;22.958.146/0001-87;MEDHOSTER COMERCIO DE PRODUTOS MEDICOS E HOSPITALARES LTDA;PB;8573540000176;PLASTIC SERVICOS MEDICOS;RN;;NATAL;BARRO VERMELHO;VERIFY INDICADOR ULTRASSONICO;1;CX;U501;6102
2;MEDHOSTER;05/04/2022;4.995;22.958.146/0001-87;MEDHOSTER COMERCIO DE PRODUTOS MEDICOS E HOSPITALARES LTDA;PB;3057240000110;INNPAR;PB;;JOÃO PESSOA;TORRE;INDICADOR BIOLOGICO AUTO CONTIDO 40M;2;CX;LCB031;5102
3;MEDHOSTER;05/04/2022;4.995;22.958.146/0001-87;MEDHOSTER COMERCIO DE PRODUTOS MEDICOS E HOSPITALARES LTDA;PB;3057240000110;INNPAR;PB;;JOÃO PESSOA;TORRE;BOWIE DICK PACOTE;1;CX;2352;5102
4;MEDHOSTER;05/04/2022;4.995;22.958.146/0001-87;MEDHOSTER COMERCIO DE PRODUTOS MEDICOS E HOSPITALARES LTDA;PB;3057240000110;INNPAR;PB;;JOÃO PESSOA;TORRE;LIBERADOR DE CARGA TST LOAD CHECK 134C 5,3 MIN;1;CX;3778;5102
5;MEDHOSTER;05/04/2022;4.996;22.958.146/0001-87;MEDHOSTER COMERCIO DE PRODUTOS MEDICOS E HOSPITALARES LTDA;PB;29883981000144;CLINEPA - CENTRO HOSPITALAR LTDA;PB;;JOÃO PESSOA;TORRE;FITA PARA AUTOCLAVE AZUL;3;RL;167;5102
6;MEDHOSTER;05/04/2022;4.996;22.958.146/0001-87;MEDHOSTER COMERCIO DE PRODUTOS MEDICOS E HOSPITALARES LTDA;PB;29883981000144;CLINEPA - CENTRO HOSPITALAR LTDA;PB;;JOÃO PESSOA;TORRE;FITA ADESIVA C/ INDICADOR QUIMICO P/ PEROXIDO;2;RL;PCC071;5102
7;MEDHOSTER;05/04/2022;4.996;22.958.146/0001-87;MEDHOSTER COMERCIO DE PRODUTOS MEDICOS E HOSPITALARES LTDA;PB;29883981000144;CLINEPA - CENTRO HOSPITALAR LTDA;PB;;JOÃO PESSOA;TORRE;INDICADOR BIOLOGICO - Celerity 20 HP;1;CX;LCB044;5102
8;MEDHOSTER;05/04/2022;4.996;22.958.146/0001-87;MEDHOSTER COMERCIO DE PRODUTOS MEDICOS E HOSPITALARES LTDA;PB;29883981000144;CLINEPA - CENTRO HOSPITALAR LTDA;PB;;JOÃO PESSOA;TORRE;INDICADOR BIOLOGICO AUTO CONTIDO 40M;2;CX;LCB031;5102
9;MEDHOSTER;05/04/2022;4.996;22.958.146/0001-87;MEDHOSTER COMERCIO DE PRODUTOS MEDICOS E HOSPITALARES LTDA;PB;29883981000144;CLINEPA - CENTRO HOSPITALAR LTDA;PB;;JOÃO PESSOA;TORRE;BOWIE DICK PACOTE;2;CX;2352;5102
10;MEDHOSTER;05/04/2022;4.996;22.958.146/0001-87;MEDHOSTER COMERCIO DE PRODUTOS MEDICOS E HOSPITALARES LTDA;PB;29883981000144;CLINEPA - CENTRO HOSPITALAR LTDA;PB;;JOÃO PESSOA;TORRE;INDICADOR QUiMI TIPO INTEGRADOR  6 TST 5,3 MIN;3;CX;2302;5102
11;MEDHOSTER;05/04/2022;4.996;22.958.146/0001-87;MEDHOSTER COMERCIO DE PRODUTOS MEDICOS E HOSPITALARES LTDA;PB;29883981000144;CLINEPA - CENTRO HOSPITALAR LTDA;PB;;JOÃO PESSOA;TORRE;DETERGENTE PROLYSTICA 2X CONCENT. ENZIMATICO;3;GL;IC3308;5102
12;MEDHOSTER;05/04/2022;4.996;22.958.146/0001-87;MEDHOSTER COMERCIO DE PRODUTOS MEDICOS E HOSPITALARES LTDA;PB;29883981000144;CLINEPA - CENTRO HOSPITALAR LTDA;PB;;JOÃO PESSOA;TORRE;ESPONJA REVITAL-OX D-SPONGE;1;CX;QH;5102
13;MEDHOSTER;05/04/2022;4.997;22.958.146/0001-87;MEDHOSTER COMERCIO DE PRODUTOS MEDICOS E HOSPITALARES LTDA;PB;8380701000610;UNIMED NATAL SOCIEDADE COOPERATIVA DE TRABALHO MEDICO;RN;;NATAL;LAGOA NOVA;VERIFY INDICADOR ULTRASSONICO;2;CX;U501;6102
14;MEDHOSTER;05/04/2022;4.997;22.958.146/0001-87;MEDHOSTER COMERCIO DE PRODUTOS MEDICOS E HOSPITALARES LTDA;PB;8380701000610;UNIMED NATAL SOCIEDADE COOPERATIVA DE TRABALHO MEDICO;RN;;NATAL;LAGOA NOVA;LIBERADOR DE CARGA TST LOAD CHECK 134C5,3MIN;2;CX;3778;6102
15;MEDHOSTER;05/04/2022;4.998;22.958.146/0001-87;MEDHOSTER COMERCIO DE PRODUTOS MEDICOS E HOSPITALARES LTDA;PB;8247777000167;CLINICA DE OLHOS SANTA BEATRIZ LTDA;RN;;NATAL;PETRoPOLIS;INDICADOR BIOLOGICO AUTO CONTIDO 40M;2;CX;LCB031;6102
16;MEDHOSTER;05/04/2022;4.998;22.958.146/0001-87;MEDHOSTER COMERCIO DE PRODUTOS MEDICOS E HOSPITALARES LTDA;PB;8247777000167;CLINICA DE OLHOS SANTA BEATRIZ LTDA;RN;;NATAL;PETRoPOLIS;DETERGENTE PROLYSTICA 2X CONCENT. ENZIMATICO;1;GL;IC3308;6102
17;MEDHOSTER;06/04/2022;5.000;22.958.146/0001-87;MEDHOSTER COMERCIO DE PRODUTOS MEDICOS E HOSPITALARES LTDA;PB;8680639000681;UNIMED J.PESSOA COOPERATIVA DE TRAB. MEDICO;PB;;JOÃO PESSOA;AGUA FRIA;VERIFY ALL CLEAN TEST INDICADOR;4;CX;LCC012;5102
18;MEDHOSTER;06/04/2022;5.000;22.958.146/0001-87;MEDHOSTER COMERCIO DE PRODUTOS MEDICOS E HOSPITALARES LTDA;PB;8680639000681;UNIMED J.PESSOA COOPERATIVA DE TRAB. MEDICO;PB;;JOÃO PESSOA;AGUA FRIA;DETERGENTE PROLYSTICA 2X CONCENT. ENZIMATICO;3;GL;IC3308;5102
19;MEDHOSTER;06/04/2022;5.000;22.958.146/0001-87;MEDHOSTER COMERCIO DE PRODUTOS MEDICOS E HOSPITALARES LTDA;PB;8680639000681;UNIMED J.PESSOA COOPERATIVA DE TRAB. MEDICO;PB;;JOÃO PESSOA;AGUA FRIA;DETERGENTE ENZIMATIC ULTRA CONCENT. PROLYSTICA;6;GL;1C03T4WR;5102
20;MEDHOSTER;06/04/2022;5.001;22.958.146/0001-87;MEDHOSTER COMERCIO DE PRODUTOS MEDICOS E HOSPITALARES LTDA;PB;17004239000132;INSTITUTO DE OFTALMOLOGIA MARCO REY;RN;;NATAL;CANDELARIA;INTEGRADOR TST 134/ 3,5 MIN FLASH;1;CX;2317;6102
21;MEDHOSTER;06/04/2022;5.001;22.958.146/0001-87;MEDHOSTER COMERCIO DE PRODUTOS MEDICOS E HOSPITALARES LTDA;PB;17004239000132;INSTITUTO DE OFTALMOLOGIA MARCO REY;RN;;NATAL;CANDELARIA;ETIQUETA C/ INDIC. QUiMIC P/ VAPOR CX COM 24 UND;1;CX;3794-24;6102
22;MEDHOSTER;06/04/2022;5.001;22.958.146/0001-87;MEDHOSTER COMERCIO DE PRODUTOS MEDICOS E HOSPITALARES LTDA;PB;17004239000132;INSTITUTO DE OFTALMOLOGIA MARCO REY;RN;;NATAL;CANDELARIA;INDICADOR QUiMICO TIPO INTEGRADOR 6 TST 5,3MIN;2;CX;2302;6102
23;MEDHOSTER;06/04/2022;5.001;22.958.146/0001-87;MEDHOSTER COMERCIO DE PRODUTOS MEDICOS E HOSPITALARES LTDA;PB;17004239000132;INSTITUTO DE OFTALMOLOGIA MARCO REY;RN;;NATAL;CANDELARIA;INDICADOR BIOLoGICO PARA VAPOR 24HS;2;CX;2232;6102
24;MEDHOSTER;06/04/2022;5.002;22.958.146/0001-87;MEDHOSTER COMERCIO DE PRODUTOS MEDICOS E HOSPITALARES LTDA;PB;1571791000172;INSTITUTO POTIGUAR DE OFTALMOLOGIA LTDA - EPP;RN;;NATAL;PETRoPOLIS;INDICADOR BIOLOGICO AUTO CONTIDO 40M;2;CX;LCB031;6102
25;MEDHOSTER;06/04/2022;5.002;22.958.146/0001-87;MEDHOSTER COMERCIO DE PRODUTOS MEDICOS E HOSPITALARES LTDA;PB;1571791000172;INSTITUTO POTIGUAR DE OFTALMOLOGIA LTDA - EPP;RN;;NATAL;PETRoPOLIS;BOWIE DICK PACOTE;1;CX;2352;6102
26;MEDHOSTER;06/04/2022;5.002;22.958.146/0001-87;MEDHOSTER COMERCIO DE PRODUTOS MEDICOS E HOSPITALARES LTDA;PB;1571791000172;INSTITUTO POTIGUAR DE OFTALMOLOGIA LTDA - EPP;RN;;NATAL;PETRoPOLIS;INDICADOR QUiMICO TIPO INTEGRADOR 6 TST 5,3 MIN;1;CX;2302;6102
27;MEDHOSTER;06/04/2022;5.003;22.958.146/0001-87;MEDHOSTER COMERCIO DE PRODUTOS MEDICOS E HOSPITALARES LTDA;PB;8337586000196;INSTITUTO DE PROTECAO E ASSISTENCIA A INFANCIA DO RN;RN;;NATAL;CENTRO;DETERGENTE PROLYSTICA 2X CONCENT. ENZIMATICO;1;GL;IC3308;6102
28;MEDHOSTER;06/04/2022;5.003;22.958.146/0001-87;MEDHOSTER COMERCIO DE PRODUTOS MEDICOS E HOSPITALARES LTDA;PB;8337586000196;INSTITUTO DE PROTECAO E ASSISTENCIA A INFANCIA DO RN;RN;;NATAL;CENTRO;INTEGRADOR QUiMICO BROWNE TIPO 5;2;PCT;3100;6102
29;MEDHOSTER;06/04/2022;5.004;22.958.146/0001-87;MEDHOSTER COMERCIO DE PRODUTOS MEDICOS E HOSPITALARES LTDA;PB;9127333000150;AMIP(ASSISTENCIA MEDICA INFANTIL DA PARAIBA LTDA);PB;;JOÃO PESSOA;CENTRO;DETERGENTE PROLYSTICA 2X CONCENT. ENZIMATICO;1;GL;IC3308;5102
30;MEDHOSTER;06/04/2022;5.005;22.958.146/0001-87;MEDHOSTER COMERCIO DE PRODUTOS MEDICOS E HOSPITALARES LTDA;PB;7213702000100;GASTROCOLON CLINICA MEDICA LTDA;PB;;CAMPINA GRANDE;PRATA;ESPONJA REVITAL-OX D-SPONGE;1;CX;2D92-QH;5102
31;MEDHOSTER;06/04/2022;5.006;22.958.146/0001-87;MEDHOSTER COMERCIO DE PRODUTOS MEDICOS E HOSPITALARES LTDA;PB;8778268003771;HOSPITAL EST. DE EMERG.E TRAUMA SENADOR HUMBERTO LUCENA;PB;;JOÃO PESSOA;PEDRO GONDIM;DISPOSITIVO DE VERIFICACAO DE CARGA EM ESPIRAL;2;CX;AB123;5102
32;MEDHOSTER;06/04/2022;5.006;22.958.146/0001-87;MEDHOSTER COMERCIO DE PRODUTOS MEDICOS E HOSPITALARES LTDA;PB;8778268003771;HOSPITAL EST. DE EMERG.E TRAUMA SENADOR HUMBERTO LUCENA;PB;;JOÃO PESSOA;PEDRO GONDIM;INTEGRADOR QUiMICO BROWNE TIPO 5;1;PCT;3100;5102
33;MEDHOSTER;07/04/2022;5.007;22.958.146/0001-87;MEDHOSTER COMERCIO DE PRODUTOS MEDICOS E HOSPITALARES LTDA;PB;22494864000140;POLIVIDA CLINICA DE SAUDE POPULAR LTDA;PB;;SOLANEA;CENTRO;VERIFY INDICADOR ULTRASSONICO SUPORT;1;CX;U505;5102
34;MEDHOSTER;07/04/2022;5.007;22.958.146/0001-87;MEDHOSTER COMERCIO DE PRODUTOS MEDICOS E HOSPITALARES LTDA;PB;22494864000140;POLIVIDA CLINICA DE SAUDE POPULAR LTDA;PB;;SOLANEA;CENTRO;INDICADOR QUiMICO TIPO INTEGRADOR 6 TST 5,3MIN;1;CX;2302;5102
35;MEDHOSTER;08/04/2022;5.009;22.958.146/0001-87;MEDHOSTER COMERCIO DE PRODUTOS MEDICOS E HOSPITALARES LTDA;PB;2108023000140;CESED LTDA;PB;;CAMPINA GRANDE;ITARARE;ETIQUETA C/ INDIC. QUiMICO P/ VAPOR CX C/ 24 UND;1;CX;3794-24;5102
36;MEDHOSTER;08/04/2022;5.009;22.958.146/0001-87;MEDHOSTER COMERCIO DE PRODUTOS MEDICOS E HOSPITALARES LTDA;PB;2108023000140;CESED LTDA;PB;;CAMPINA GRANDE;ITARARE;BOWIE DICK PACOTE ;5;CX;2352;5102
37;MEDHOSTER;08/04/2022;5.009;22.958.146/0001-87;MEDHOSTER COMERCIO DE PRODUTOS MEDICOS E HOSPITALARES LTDA;PB;2108023000140;CESED LTDA;PB;;CAMPINA GRANDE;ITARARE;INDICADOR QUiMICO TIPO INTEGRADOR 6 TST 5,3MIN;15;CX;2302;5102
38;MEDHOSTER;08/04/2022;5.009;22.958.146/0001-87;MEDHOSTER COMERCIO DE PRODUTOS MEDICOS E HOSPITALARES LTDA;PB;2108023000140;CESED LTDA;PB;;CAMPINA GRANDE;ITARARE;DETERGENTE PROLYSTICA 2X CONCENT. ENZIMATICO;6;GL;IC3308;5102
39;MEDHOSTER;12/04/2022;5.013;22.958.146/0001-87;MEDHOSTER COMERCIO DE PRODUTOS MEDICOS E HOSPITALARES LTDA;PB;2108023000492;CESED - CENTRO DE ENSINO SUPERIOR E DESENVOLVIMENTO LTDA;PB;;JOÃO PESSOA;MANGABEIRA;INDICADOR QUiMICO TIPO INTEGRADOR 6 TST 5,3MIN;2;CX;2302;5102
40;MEDHOSTER;12/04/2022;5.013;22.958.146/0001-87;MEDHOSTER COMERCIO DE PRODUTOS MEDICOS E HOSPITALARES LTDA;PB;2108023000492;CESED - CENTRO DE ENSINO SUPERIOR E DESENVOLVIMENTO LTDA;PB;;JOÃO PESSOA;MANGABEIRA;DETERGENTE PROLYSTICA 2X CONCENT. ENZIMATICO;1;GL;IC3308;5102
41;MEDHOSTER;12/04/2022;5.014;22.958.146/0001-87;MEDHOSTER COMERCIO DE PRODUTOS MEDICOS E HOSPITALARES LTDA;PB;41210014000117;HOSPITAL DE OLHOS;PB;;CAMPINA GRANDE;PRATA;FITA PARA AUTOCLAVE AZUL;20;RL;167;6102
42;MEDHOSTER;12/04/2022;5.014;22.958.146/0001-87;MEDHOSTER COMERCIO DE PRODUTOS MEDICOS E HOSPITALARES LTDA;PB;41210014000117;HOSPITAL DE OLHOS;PB;;CAMPINA GRANDE;PRATA;ETIQUETA C/ INDIC. QUiMICO P/ VAPOR CX C/ 24 UND;2;CX;3794-24;6102
43;MEDHOSTER;13/04/2022;5.015;22.958.146/0001-87;MEDHOSTER COMERCIO DE PRODUTOS MEDICOS E HOSPITALARES LTDA;PB;8680639000681;UNIMED J.PESSOA COOPERATIVA DE TRAB. MEDICO;PB;;JOÃO PESSOA;AGUA FRIA;ETIQUETA C/ INDIC. QUiMICO P/ VAPOR CX C/24 UND;2;CX;3794-24;5102
44;MEDHOSTER;13/04/2022;5.017;22.958.146/0001-87;MEDHOSTER COMERCIO DE PRODUTOS MEDICOS E HOSPITALARES LTDA;PB;8380701000610;UNIMED NATAL SOCIEDADE COOPERATIVA DE TRABALHO MEDICO;RN;;NATAL;LAGOA NOVA;BOWIE DICK PACOTE CX;4;CX;2352;6102
45;MEDHOSTER;13/04/2022;5.017;22.958.146/0001-87;MEDHOSTER COMERCIO DE PRODUTOS MEDICOS E HOSPITALARES LTDA;PB;8380701000610;UNIMED NATAL SOCIEDADE COOPERATIVA DE TRABALHO MEDICO;RN;;NATAL;LAGOA NOVA;DETERGENTE ENZIMAT. ULTRA CONCENT.PROLYSTICA;2;GL;IC3308;6102
46;MEDHOSTER;13/04/2022;5.017;22.958.146/0001-87;MEDHOSTER COMERCIO DE PRODUTOS MEDICOS E HOSPITALARES LTDA;PB;8380701000610;UNIMED NATAL SOCIEDADE COOPERATIVA DE TRABALHO MEDICO;RN;;NATAL;LAGOA NOVA;VERIFY INDICADOR ULTRASSONICO;1;CX;U501;6102
47;MEDHOSTER;13/04/2022;5.017;22.958.146/0001-87;MEDHOSTER COMERCIO DE PRODUTOS MEDICOS E HOSPITALARES LTDA;PB;8380701000610;UNIMED NATAL SOCIEDADE COOPERATIVA DE TRABALHO MEDICO;RN;;NATAL;LAGOA NOVA;LIBERADOR DE CARGA TST LOAD CHECK 134C 5,3MIN;2;CX;3778;6102
48;MEDHOSTER;13/04/2022;5.018;22.958.146/0001-87;MEDHOSTER COMERCIO DE PRODUTOS MEDICOS E HOSPITALARES LTDA;PB;8973539000139;PROCARDIO INSTITUTO DE CARDIOLOGIA DA PARAIBA LTDA;PB;;JOÃO PESSOA;TORRE;INDICADOR BIOLOGICO AUTO CONTIDO 40M;5;CX;LCB031;5102
49;MEDHOSTER;13/04/2022;5.018;22.958.146/0001-87;MEDHOSTER COMERCIO DE PRODUTOS MEDICOS E HOSPITALARES LTDA;PB;8973539000139;PROCARDIO INSTITUTO DE CARDIOLOGIA DA PARAIBA LTDA;PB;;JOÃO PESSOA;TORRE;BOWIE DICK PACOTE CX   ;1;CX;2352;5102
50;MEDHOSTER;13/04/2022;5.018;22.958.146/0001-87;MEDHOSTER COMERCIO DE PRODUTOS MEDICOS E HOSPITALARES LTDA;PB;8973539000139;PROCARDIO INSTITUTO DE CARDIOLOGIA DA PARAIBA LTDA;PB;;JOÃO PESSOA;TORRE;INDICADOR QUiMICO TIPO INTEGRADOR 6 TST 5,3MIN;6;CX;2302;5102
51;MEDHOSTER;13/04/2022;5.018;22.958.146/0001-87;MEDHOSTER COMERCIO DE PRODUTOS MEDICOS E HOSPITALARES LTDA;PB;8973539000139;PROCARDIO INSTITUTO DE CARDIOLOGIA DA PARAIBA LTDA;PB;;JOÃO PESSOA;TORRE;DETERGENTE PROLYSTICA 2X CONCENT. ENZIMATICO;2;GL;IC3308;5102
52;MEDHOSTER;13/04/2022;5.018;22.958.146/0001-87;MEDHOSTER COMERCIO DE PRODUTOS MEDICOS E HOSPITALARES LTDA;PB;8973539000139;PROCARDIO INSTITUTO DE CARDIOLOGIA DA PARAIBA LTDA;PB;;JOÃO PESSOA;TORRE;VERIFY INDICADOR ULTRASSONICO;1;CX;U501;5102
53;MEDHOSTER;13/04/2022;5.020;22.958.146/0001-87;MEDHOSTER COMERCIO DE PRODUTOS MEDICOS E HOSPITALARES LTDA;PB;40939944000143;HOSPITAL JOAO PAULO II LTDA;PB;;JOÃO PESSOA;CENTRO;BOWIE DICK PACOTE CX;2;CX;2352;5102
54;MEDHOSTER;13/04/2022;5.020;22.958.146/0001-87;MEDHOSTER COMERCIO DE PRODUTOS MEDICOS E HOSPITALARES LTDA;PB;40939944000143;HOSPITAL JOAO PAULO II LTDA;PB;;JOÃO PESSOA;CENTRO;INDICADOR QUiMICO TIPO INTEGRADOR 6 TST 5,3MIN;4;CX;2302;5102
55;MEDHOSTER;13/04/2022;5.020;22.958.146/0001-87;MEDHOSTER COMERCIO DE PRODUTOS MEDICOS E HOSPITALARES LTDA;PB;40939944000143;HOSPITAL JOAO PAULO II LTDA;PB;;JOÃO PESSOA;CENTRO;DETERGENTE PROLYSTICA 2X CONCENT. ENZIMATICO;2;GL;IC3308;5102
56;MEDHOSTER;14/04/2022;5.021;22.958.146/0001-87;MEDHOSTER COMERCIO DE PRODUTOS MEDICOS E HOSPITALARES LTDA;PB;853492000168;CLINICA DOM RODRIGO LTDA;PB;;JOÃO PESSOA;CENTRO;INDICADOR BIOLOGICO AUTO CONTIDO 40M;2;CX;LCB031;5102
57;MEDHOSTER;14/04/2022;5.021;22.958.146/0001-87;MEDHOSTER COMERCIO DE PRODUTOS MEDICOS E HOSPITALARES LTDA;PB;853492000168;CLINICA DOM RODRIGO LTDA;PB;;JOÃO PESSOA;CENTRO;BOWIE DICK PACOTE CX;2;CX;2352;5102
58;MEDHOSTER;14/04/2022;5.021;22.958.146/0001-87;MEDHOSTER COMERCIO DE PRODUTOS MEDICOS E HOSPITALARES LTDA;PB;853492000168;CLINICA DOM RODRIGO LTDA;PB;;JOÃO PESSOA;CENTRO;LUBRIFICANTE HINGE-FREE ;1;GL;103108;5102
59;MEDHOSTER;14/04/2022;5.021;22.958.146/0001-87;MEDHOSTER COMERCIO DE PRODUTOS MEDICOS E HOSPITALARES LTDA;PB;853492000168;CLINICA DOM RODRIGO LTDA;PB;;JOÃO PESSOA;CENTRO;INDICADOR QUiMICO TIPO INTEGRADOR 6 TST 5,3MIN;4;CX;2302;5102
60;MEDHOSTER;14/04/2022;5.021;22.958.146/0001-87;MEDHOSTER COMERCIO DE PRODUTOS MEDICOS E HOSPITALARES LTDA;PB;853492000168;CLINICA DOM RODRIGO LTDA;PB;;JOÃO PESSOA;CENTRO;RESTORE;1;GL;IC45AW;5102
61;MEDHOSTER;14/04/2022;5.021;22.958.146/0001-87;MEDHOSTER COMERCIO DE PRODUTOS MEDICOS E HOSPITALARES LTDA;PB;853492000168;CLINICA DOM RODRIGO LTDA;PB;;JOÃO PESSOA;CENTRO;DETERGENTE PROLYSTICA 2X CONCENT. ENZIMATICO;1;GL;IC3308;5102
62;MEDHOSTER;14/04/2022;5.022;22.958.146/0001-87;MEDHOSTER COMERCIO DE PRODUTOS MEDICOS E HOSPITALARES LTDA;PB;2766875000124;UPDATE - UNIDADE DE PESQUISA DIAGNOSTICA AVANCADA E TRATAMEN;RN;;NATAL;TIROL;INDICADOR BIOLOGICO AUTO CONTIDO 40M;3;CX;LCB031   ;6102
63;MEDHOSTER;14/04/2022;5.023;22.958.146/0001-87;MEDHOSTER COMERCIO DE PRODUTOS MEDICOS E HOSPITALARES LTDA;PB;3748854000149;GASTROPROCTO HOSPITAL DIA E SERVICOS MEDICOS LTDA - ME;RN;;NATAL;TIROL;INDICADOR BIOLOGICO AUTO CONTIDO 40M;2;CX;LCB031;6102
64;MEDHOSTER;14/04/2022;5.023;22.958.146/0001-87;MEDHOSTER COMERCIO DE PRODUTOS MEDICOS E HOSPITALARES LTDA;PB;3748854000149;GASTROPROCTO HOSPITAL DIA E SERVICOS MEDICOS LTDA - ME;RN;;NATAL;TIROL;UMECTANTE PRE-KLENZ 400ml;6;FR;1503-77;6102
65;MEDHOSTER;14/04/2022;5.023;22.958.146/0001-87;MEDHOSTER COMERCIO DE PRODUTOS MEDICOS E HOSPITALARES LTDA;PB;3748854000149;GASTROPROCTO HOSPITAL DIA E SERVICOS MEDICOS LTDA - ME;RN;;NATAL;TIROL;BOWIE DICK PACOTE CX    ;2;CX;2352;6102
66;MEDHOSTER;14/04/2022;5.023;22.958.146/0001-87;MEDHOSTER COMERCIO DE PRODUTOS MEDICOS E HOSPITALARES LTDA;PB;3748854000149;GASTROPROCTO HOSPITAL DIA E SERVICOS MEDICOS LTDA - ME;RN;;NATAL;TIROL;INDICADOR QUiMICO TIPO INTEGRADOR 6 TST 5,3MIN;2;CX;2302;6102
67;MEDHOSTER;14/04/2022;5.023;22.958.146/0001-87;MEDHOSTER COMERCIO DE PRODUTOS MEDICOS E HOSPITALARES LTDA;PB;3748854000149;GASTROPROCTO HOSPITAL DIA E SERVICOS MEDICOS LTDA - ME;RN;;NATAL;TIROL;DETERGENTE PROLYSTICA 2X CONCENT. ENZIMATICO;1;CX;IC3308;6102
68;MEDHOSTER;14/04/2022;5.023;22.958.146/0001-87;MEDHOSTER COMERCIO DE PRODUTOS MEDICOS E HOSPITALARES LTDA;PB;3748854000149;GASTROPROCTO HOSPITAL DIA E SERVICOS MEDICOS LTDA - ME;RN;;NATAL;TIROL;VERIFY INDICADOR ULTRASSONICO;1;CX;U501;6102
69;MEDHOSTER;18/04/2022;5.025;22.958.146/0001-87;MEDHOSTER COMERCIO DE PRODUTOS MEDICOS E HOSPITALARES LTDA;PB;70034855000119;ANGIO VASCULAR HOSPITAL LTDA;RN;;NATAL;TIROL;INDICADOR QUiMICO TIPO INTEGRADOR 6 TST 5,3MIN;5;CX;2302;6102
70;MEDHOSTER;18/04/2022;5.025;22.958.146/0001-87;MEDHOSTER COMERCIO DE PRODUTOS MEDICOS E HOSPITALARES LTDA;PB;70034855000119;ANGIO VASCULAR HOSPITAL LTDA;RN;;NATAL;TIROL;DETERGENTE PROLYSTICA 2X CONCENT. ENZIMATICO;2;GL;IC3308;6102
71;MEDHOSTER;19/04/2022;5.028;22.958.146/0001-87;MEDHOSTER COMERCIO DE PRODUTOS MEDICOS E HOSPITALARES LTDA;PB;41210014000117;HOSPITAL DE OLHOS;PB;;CAMPINA GRANDE;PRATA;INDICADOR QUiMICO TIPO INTEGRADOR 6 TST 5,3MIN;6;CX;2302;5102
72;MEDHOSTER;19/04/2022;5.029;22.958.146/0001-87;MEDHOSTER COMERCIO DE PRODUTOS MEDICOS E HOSPITALARES LTDA;PB;8667206000181;INSTITUTO SAO JOSE;PB;;JOÃO PESSOA;TAMBIA;BOWIE DICK PACOTE CX;1;CX;2352;5102
73;MEDHOSTER;20/04/2022;5.030;22.958.146/0001-87;MEDHOSTER COMERCIO DE PRODUTOS MEDICOS E HOSPITALARES LTDA;PB;9112236000194;FUNDACAO NAPOLEAO LAUREANO;PB;;JOÃO PESSOA;JAGUARIBE;ESCOVA REVITAL-OX;13;UN;2D75QV ;5102
74;MEDHOSTER;20/04/2022;5.030;22.958.146/0001-87;MEDHOSTER COMERCIO DE PRODUTOS MEDICOS E HOSPITALARES LTDA;PB;9112236000194;FUNDACAO NAPOLEAO LAUREANO;PB;;JOÃO PESSOA;JAGUARIBE;ESCOVA REVITAL-OX  EXTREMID. ÚNICA;15;UN;2D78QV;5102
75;MEDHOSTER;20/04/2022;5.030;22.958.146/0001-87;MEDHOSTER COMERCIO DE PRODUTOS MEDICOS E HOSPITALARES LTDA;PB;9112236000194;FUNDACAO NAPOLEAO LAUREANO;PB;;JOÃO PESSOA;JAGUARIBE;UMECTANTE PRE-KLENZ 400ml;1;FR;1503-77;5102
76;MEDHOSTER;20/04/2022;5.030;22.958.146/0001-87;MEDHOSTER COMERCIO DE PRODUTOS MEDICOS E HOSPITALARES LTDA;PB;9112236000194;FUNDACAO NAPOLEAO LAUREANO;PB;;JOÃO PESSOA;JAGUARIBE;DETERGENTE PROLYSTICA 2X CONCENT. ENZIMATICO;2;GL;IC3308;5102
77;MEDHOSTER;20/04/2022;5.030;22.958.146/0001-87;MEDHOSTER COMERCIO DE PRODUTOS MEDICOS E HOSPITALARES LTDA;PB;9112236000194;FUNDACAO NAPOLEAO LAUREANO;PB;;JOÃO PESSOA;JAGUARIBE;ESPONJA REVITAL-OX D-SPONGE;1;CX;2D92-QH;5102
78;MEDHOSTER;22/04/2022;5.032;22.958.146/0001-87;MEDHOSTER COMERCIO DE PRODUTOS MEDICOS E HOSPITALARES LTDA;PB;8680639000681;UNIMED J.PESSOA COOPERATIVA DE TRAB. MEDICO;PB;;JOÃO PESSOA;AGUA FRIA;VERIFY ALL CLEAN TEST INDICADOR;2;CX;LCC012;5102
79;MEDHOSTER;22/04/2022;5.032;22.958.146/0001-87;MEDHOSTER COMERCIO DE PRODUTOS MEDICOS E HOSPITALARES LTDA;PB;8680639000681;UNIMED J.PESSOA COOPERATIVA DE TRAB. MEDICO;PB;;JOÃO PESSOA;AGUA FRIA;INDICADOR QUiMICO TIPO INTEGRADOR 6 TST 5,3MIN;8;CX;2302;5102
80;MEDHOSTER;22/04/2022;5.033;22.958.146/0001-87;MEDHOSTER COMERCIO DE PRODUTOS MEDICOS E HOSPITALARES LTDA;PB;8778268002457;HOSPITAL REGIONAL DE BELEM;PB;;BELEM;CENTRO;FITA INDIC. BOWIE DICK PARA TB VERIFY ALLIN-ONE;1;PCT;LCB055;5102
81;MEDHOSTER;25/04/2022;5.035;22.958.146/0001-87;MEDHOSTER COMERCIO DE PRODUTOS MEDICOS E HOSPITALARES LTDA;PB;8256240000163;ASSOCIACAO DE PROTECAO E ASSISTENCIA A MATERNIDADE E A INFAN;RN;;MOSSORO;CENTRO;BOWIE DICK PACOTE CX;3;CX;2352;6102
82;MEDHOSTER;25/04/2022;5.035;22.958.146/0001-87;MEDHOSTER COMERCIO DE PRODUTOS MEDICOS E HOSPITALARES LTDA;PB;8256240000163;ASSOCIACAO DE PROTECAO E ASSISTENCIA A MATERNIDADE E A INFAN;RN;;MOSSORO;CENTRO;INDICADOR QUiMICO TIPO INTEGRADOR 6 TST 5,3MIN;10;CX;2302;6102
83;MEDHOSTER;25/04/2022;5.035;22.958.146/0001-87;MEDHOSTER COMERCIO DE PRODUTOS MEDICOS E HOSPITALARES LTDA;PB;8256240000163;ASSOCIACAO DE PROTECAO E ASSISTENCIA A MATERNIDADE E A INFAN;RN;;MOSSORO;CENTRO;INDICADOR BIOLoGICO PARA VAPOR 24HS;1;CX;2232;6102
84;MEDHOSTER;26/04/2022;5.037;22.958.146/0001-87;MEDHOSTER COMERCIO DE PRODUTOS MEDICOS E HOSPITALARES LTDA;PB;16660436000147;PROVISAO - HOSPITAL OFTALMOLOGICO DA PARAIBA LTDA;PB;;JOÃO PESSOA;MIRAMAR;INTEGRADOR TST 134/ 3,5 MIN FLASH ;3;CX;2317;5102
85;MEDHOSTER;26/04/2022;5.037;22.958.146/0001-87;MEDHOSTER COMERCIO DE PRODUTOS MEDICOS E HOSPITALARES LTDA;PB;16660436000147;PROVISAO - HOSPITAL OFTALMOLOGICO DA PARAIBA LTDA;PB;;JOÃO PESSOA;MIRAMAR;INDICADOR QUiMICO TIPO INTEGRADOR 6 TST 5,3MIN;6;CX;2302;5102
86;MEDHOSTER;26/04/2022;5.039;22.958.146/0001-87;MEDHOSTER COMERCIO DE PRODUTOS MEDICOS E HOSPITALARES LTDA;PB;8606857000161;CENTRO OFTALMICO TARCIZIO DIAS;PB;;JOÃO PESSOA;TORRE;INDICADOR QUiMICO TIPO INTEGRADOR 6 TST 5,3MIN;5;CX;2302;5102
87;MEDHOSTER;26/04/2022;5.040;22.958.146/0001-87;MEDHOSTER COMERCIO DE PRODUTOS MEDICOS E HOSPITALARES LTDA;PB;8667206000181;INSTITUTO SAO JOSE;PB;;JOÃO PESSOA;TAMBIA;INDICADOR BIOLoGICO PARA VAPOR 24HS;1;CX;2232;5102
88;MEDHOSTER;27/04/2022;5.042;22.958.146/0001-87;MEDHOSTER COMERCIO DE PRODUTOS MEDICOS E HOSPITALARES LTDA;PB;29883981000144;CLINEPA - CENTRO HOSPITALAR LTDA;PB;;JOÃO PESSOA;TORRE;FITA PARA AUTOCLAVE AZUL ;3;UN;167;5102
89;MEDHOSTER;27/04/2022;5.042;22.958.146/0001-87;MEDHOSTER COMERCIO DE PRODUTOS MEDICOS E HOSPITALARES LTDA;PB;29883981000144;CLINEPA - CENTRO HOSPITALAR LTDA;PB;;JOÃO PESSOA;TORRE;DISPOSITIVO DE VERIFICACAO DE CARGA EM ESPIRAL;1;CX;AB123;5102
90;MEDHOSTER;27/04/2022;5.042;22.958.146/0001-87;MEDHOSTER COMERCIO DE PRODUTOS MEDICOS E HOSPITALARES LTDA;PB;29883981000144;CLINEPA - CENTRO HOSPITALAR LTDA;PB;;JOÃO PESSOA;TORRE;BOWIE DICK PACOTE CX ;1;CX;2352;5102
91;MEDHOSTER;27/04/2022;5.042;22.958.146/0001-87;MEDHOSTER COMERCIO DE PRODUTOS MEDICOS E HOSPITALARES LTDA;PB;29883981000144;CLINEPA - CENTRO HOSPITALAR LTDA;PB;;JOÃO PESSOA;TORRE;INDICADOR QUIMICO CELERITY HP;2;CX;PCC075;5102
92;MEDHOSTER;27/04/2022;5.042;22.958.146/0001-87;MEDHOSTER COMERCIO DE PRODUTOS MEDICOS E HOSPITALARES LTDA;PB;29883981000144;CLINEPA - CENTRO HOSPITALAR LTDA;PB;;JOÃO PESSOA;TORRE;INDICADOR BIOLOGICO AUTO CONTIDO 40M  ;2;CX;LCB031;5102
93;MEDHOSTER;27/04/2022;5.042;22.958.146/0001-87;MEDHOSTER COMERCIO DE PRODUTOS MEDICOS E HOSPITALARES LTDA;PB;29883981000144;CLINEPA - CENTRO HOSPITALAR LTDA;PB;;JOÃO PESSOA;TORRE;ETIQUETA C/ INDIC. QUiMICO P/ VAPOR CX C/ 24 UND;1;CX;3794-24;5102
94;MEDHOSTER;27/04/2022;5.042;22.958.146/0001-87;MEDHOSTER COMERCIO DE PRODUTOS MEDICOS E HOSPITALARES LTDA;PB;29883981000144;CLINEPA - CENTRO HOSPITALAR LTDA;PB;;JOÃO PESSOA;TORRE;INDICADOR QUiMICO TIPO INTEGRADOR 6 TST 5,3MIN;3;CX;2302;5102
95;MEDHOSTER;27/04/2022;5.042;22.958.146/0001-87;MEDHOSTER COMERCIO DE PRODUTOS MEDICOS E HOSPITALARES LTDA;PB;29883981000144;CLINEPA - CENTRO HOSPITALAR LTDA;PB;;JOÃO PESSOA;TORRE;DETERGENTE PROLYSTICA 2X CONCENT. ENZIMATICO;3;GL;IC3308;5102
96;MEDHOSTER;27/04/2022;5.042;22.958.146/0001-87;MEDHOSTER COMERCIO DE PRODUTOS MEDICOS E HOSPITALARES LTDA;PB;29883981000144;CLINEPA - CENTRO HOSPITALAR LTDA;PB;;JOÃO PESSOA;TORRE;LIBERADOR DE CARGA TST LOAD CHECK 134C 5,3MIN;1;CX;3778;5102
97;MEDHOSTER;28/04/2022;5.043;22.958.146/0001-87;MEDHOSTER COMERCIO DE PRODUTOS MEDICOS E HOSPITALARES LTDA;PB;8337586000196;INSTITUTO DE PROTECAO E ASSISTENCIA A INFANCIA DO RN;RN;;NATAL;CENTRO;ETIQUETA C/ INDIC. QUiMICO P/ VAPOR CX C/24 UND;1;CX;3794-24;6102
98;MEDHOSTER;28/04/2022;5.043;22.958.146/0001-87;MEDHOSTER COMERCIO DE PRODUTOS MEDICOS E HOSPITALARES LTDA;PB;8337586000196;INSTITUTO DE PROTECAO E ASSISTENCIA A INFANCIA DO RN;RN;;NATAL;CENTRO;DETERGENTE PROLYSTICA 2X CONCENT. ENZIMATICO;2;GL;IC3308;6102
99;MEDHOSTER;28/04/2022;5.045;22.958.146/0001-87;MEDHOSTER COMERCIO DE PRODUTOS MEDICOS E HOSPITALARES LTDA;PB;8846255000181;CLINICA SANTA CLARA LTDA;PB;;CAMPINA GRANDE;PRATA;ETIQUETA C/ INDIC. QUiMICO P/ VAPOR CX C/24 UND;1;CX;3794-24;5102
100;MEDHOSTER;28/04/2022;5.045;22.958.146/0001-87;MEDHOSTER COMERCIO DE PRODUTOS MEDICOS E HOSPITALARES LTDA;PB;8846255000181;CLINICA SANTA CLARA LTDA;PB;;CAMPINA GRANDE;PRATA;LIBERADOR DE CARGA TST LOAD CHECK 134C 5,3MIN;1;CX;3778;5102
101;MEDHOSTER;28/04/2022;5.046;22.958.146/0001-87;MEDHOSTER COMERCIO DE PRODUTOS MEDICOS E HOSPITALARES LTDA;PB;8380701000610;UNIMED NATAL SOCIEDADE COOPERATIVA DE TRABALHO MEDICO;RN;;NATAL;LAGOA NOVA;INDICADOR BIOLOGICO AUTO CONTIDO 40M;8;CX;LCB031;6102
102;MEDHOSTER;28/04/2022;5.046;22.958.146/0001-87;MEDHOSTER COMERCIO DE PRODUTOS MEDICOS E HOSPITALARES LTDA;PB;8380701000610;UNIMED NATAL SOCIEDADE COOPERATIVA DE TRABALHO MEDICO;RN;;NATAL;LAGOA NOVA;INDICADOR ULTRASSONICO    ;1;CX;U501;6102
103;MEDHOSTER;28/04/2022;5.046;22.958.146/0001-87;MEDHOSTER COMERCIO DE PRODUTOS MEDICOS E HOSPITALARES LTDA;PB;8380701000610;UNIMED NATAL SOCIEDADE COOPERATIVA DE TRABALHO MEDICO;RN;;NATAL;LAGOA NOVA;INTEGRADOR QUiMICO BROWNE TIPO 5;6;PCT;3100;6102
104;MEDHOSTER;29/04/2022;5.050;22.958.146/0001-87;MEDHOSTER COMERCIO DE PRODUTOS MEDICOS E HOSPITALARES LTDA;PB;3748854000149;GASTROPROCTO HOSPITAL DIA E SERVICOS MEDICOS LTDA - ME;RN;;NATAL;TIROU;ROLETE DE TINTA PARA ETIQUETADORA;1;PCT;3795;6102
105;MEDHOSTER;29/04/2022;5.050;22.958.146/0001-87;MEDHOSTER COMERCIO DE PRODUTOS MEDICOS E HOSPITALARES LTDA;PB;3748854000149;GASTROPROCTO HOSPITAL DIA E SERVICOS MEDICOS LTDA - ME;RN;;NATAL;TIROU;INDICADOR BIOLOGICO AUTO CONTIDO 40M;2;CX;LCB031;6102
106;MEDHOSTER;29/04/2022;5.050;22.958.146/0001-87;MEDHOSTER COMERCIO DE PRODUTOS MEDICOS E HOSPITALARES LTDA;PB;3748854000149;GASTROPROCTO HOSPITAL DIA E SERVICOS MEDICOS LTDA - ME;RN;;NATAL;TIROU;ETIQUETA C/ INDIC. QUiMICO P/ VAPOR CX C/ 24 UND;1;CX;3794-24;6102
107;MEDHOSTER;29/04/2022;5.050;22.958.146/0001-87;MEDHOSTER COMERCIO DE PRODUTOS MEDICOS E HOSPITALARES LTDA;PB;3748854000149;GASTROPROCTO HOSPITAL DIA E SERVICOS MEDICOS LTDA - ME;RN;;NATAL;TIROU;BOWIE DICK PACOTE CX;2;CX;2352;6102
108;MEDHOSTER;29/04/2022;5.050;22.958.146/0001-87;MEDHOSTER COMERCIO DE PRODUTOS MEDICOS E HOSPITALARES LTDA;PB;3748854000149;GASTROPROCTO HOSPITAL DIA E SERVICOS MEDICOS LTDA - ME;RN;;NATAL;TIROU;INDICADOR QUiMICO TIPO INTEGRADOR 6 TST 5,3MIN;2;CX;2302;6102
109;MEDHOSTER;02/06/2022;5.141;22.958.146/0001-87;MEDHOSTER COMERCIO DE PRODUTOS MEDICOS E HOSPITALARES LTDA;PB;08.606.337/0001-59;HOSPITAL SAO FRANCISCO;PB;;PATOS;CENTRO;ROLETE DE TINTA PARA ETIQUETADORA;1;PCT;3795;5102
110;MEDHOSTER;02/06/2022;5.141;22.958.146/0001-87;MEDHOSTER COMERCIO DE PRODUTOS MEDICOS E HOSPITALARES LTDA;PB;08.606.337/0001-59;HOSPITAL SAO FRANCISCO;PB;;PATOS;CENTRO;VERIFY INDICADOR ULTRASSONICO SUPORTE;1;UN;U505;5102
111;MEDHOSTER;02/06/2022;5.141;22.958.146/0001-87;MEDHOSTER COMERCIO DE PRODUTOS MEDICOS E HOSPITALARES LTDA;PB;08.606.337/0001-59;HOSPITAL SAO FRANCISCO;PB;;PATOS;CENTRO;FITA PARA AUTOCLAVE AZUL ;1;RL;167;5102
112;MEDHOSTER;02/06/2022;5.141;22.958.146/0001-87;MEDHOSTER COMERCIO DE PRODUTOS MEDICOS E HOSPITALARES LTDA;PB;08.606.337/0001-59;HOSPITAL SAO FRANCISCO;PB;;PATOS;CENTRO;VERIFY ALL-IN-ONE PCTE TESTE DESAFIO (TUBO);1;TB;LCB055;5102
113;MEDHOSTER;02/06/2022;5.141;22.958.146/0001-87;MEDHOSTER COMERCIO DE PRODUTOS MEDICOS E HOSPITALARES LTDA;PB;08.606.337/0001-59;HOSPITAL SAO FRANCISCO;PB;;PATOS;CENTRO;LUBRIFICANTE HINGE-FREE ;1;GL;103108;5102
114;MEDHOSTER;02/06/2022;5.141;22.958.146/0001-87;MEDHOSTER COMERCIO DE PRODUTOS MEDICOS E HOSPITALARES LTDA;PB;08.606.337/0001-59;HOSPITAL SAO FRANCISCO;PB;;PATOS;CENTRO;LIQUI-JET;1;GL;103708;5102
115;MEDHOSTER;02/06/2022;5.141;22.958.146/0001-87;MEDHOSTER COMERCIO DE PRODUTOS MEDICOS E HOSPITALARES LTDA;PB;08.606.337/0001-59;HOSPITAL SAO FRANCISCO;PB;;PATOS;CENTRO;ESPONJA REVITAL-OX D-SPONGE;1;CX;2D92-QH;5102
116;MEDHOSTER;02/06/2022;5.141;22.958.146/0001-87;MEDHOSTER COMERCIO DE PRODUTOS MEDICOS E HOSPITALARES LTDA;PB;08.606.337/0001-59;HOSPITAL SAO FRANCISCO;PB;;PATOS;CENTRO;RESTORE;1;GL;IC45AW;5102
117;MEDHOSTER;02/06/2022;5.141;22.958.146/0001-87;MEDHOSTER COMERCIO DE PRODUTOS MEDICOS E HOSPITALARES LTDA;PB;08.606.337/0001-59;HOSPITAL SAO FRANCISCO;PB;;PATOS;CENTRO;VERIFY INDICADOR ULTRASSONICO;1;CX;U501;5102
118;MEDHOSTER;03/06/2022;5.144;22.958.146/0001-87;MEDHOSTER COMERCIO DE PRODUTOS MEDICOS E HOSPITALARES LTDA;PB;08.428.765/0001-39;LIGA NORTE RIOGRANDENSE CONTRA O CANCER;RN;;NATAL;DIX-SEPT ROSADO;ESPONJA REVITAL-OX D-SPONGE;2;CX;2D92-QH;6102
119;MEDHOSTER;03/06/2022;5.146;22.958.146/0001-87;MEDHOSTER COMERCIO DE PRODUTOS MEDICOS E HOSPITALARES LTDA;PB;04.707.605/0001-78;INSTITUTO DA VISAO S/S LTDA;PB;;JOÃO PESSOA;ESTADOS;ESCOVA DE AcO PARA LIMPEZA 3 UNID 18,5 CM;1;PCT;45-303SS;5102
120;MEDHOSTER;03/06/2022;5.146;22.958.146/0001-87;MEDHOSTER COMERCIO DE PRODUTOS MEDICOS E HOSPITALARES LTDA;PB;04.707.605/0001-78;INSTITUTO DA VISAO S/S LTDA;PB;;JOÃO PESSOA;ESTADOS;ESCOVA P/ ASPIRADOR BARON 2,3MM C/ 3 UN. ;1;PCT;45-907;5102
121;MEDHOSTER;03/06/2022;5.146;22.958.146/0001-87;MEDHOSTER COMERCIO DE PRODUTOS MEDICOS E HOSPITALARES LTDA;PB;04.707.605/0001-78;INSTITUTO DA VISAO S/S LTDA;PB;;JOÃO PESSOA;ESTADOS;VERIFY ALL-IN-ONE PCTE TESTE DESAFIO (TUBO);1;TB;LCB055;5102
122;MEDHOSTER;03/06/2022;5.146;22.958.146/0001-87;MEDHOSTER COMERCIO DE PRODUTOS MEDICOS E HOSPITALARES LTDA;PB;04.707.605/0001-78;INSTITUTO DA VISAO S/S LTDA;PB;;JOÃO PESSOA;ESTADOS;LUBRIFICANTE HINGE-FREE ;1;GL;103108;5102
123;MEDHOSTER;03/06/2022;5.146;22.958.146/0001-87;MEDHOSTER COMERCIO DE PRODUTOS MEDICOS E HOSPITALARES LTDA;PB;04.707.605/0001-78;INSTITUTO DA VISAO S/S LTDA;PB;;JOÃO PESSOA;ESTADOS;ESCOVA DE LIMPEZA PARA LUMEN 18 IN 1 MM (45.72CM)- 3 UN;1;PCT;1B039B3;5102
124;MEDHOSTER;06/06/2022;5.147;22.958.146/0001-87;MEDHOSTER COMERCIO DE PRODUTOS MEDICOS E HOSPITALARES LTDA;PB;02.108.023/0001-40;CESED LTDA;PB;;CAMPINA GRANDE;ITARARE;DETERGENTE PROLYSTICA 2X CONCENTRADO ENZIMATICO;5;GL;IC3308;5102
125;MEDHOSTER;06/06/2022;5.149;22.958.146/0001-87;MEDHOSTER COMERCIO DE PRODUTOS MEDICOS E HOSPITALARES LTDA;PB;40.396.298/0001-15;BIOMED SERVICOS E CONSULTORIA EM SAUDE LTDA;RN;;CARAUBAS;CENTRO;INDICADOR BIOLOGICO AUTO CONTIDO 40M;4;CX;LCB031;6102
126;MEDHOSTER;06/06/2022;5.149;22.958.146/0001-87;MEDHOSTER COMERCIO DE PRODUTOS MEDICOS E HOSPITALARES LTDA;PB;40.396.298/0001-15;BIOMED SERVICOS E CONSULTORIA EM SAUDE LTDA;RN;;CARAUBAS;CENTRO;INDICADOR QUiMICO TIPO INTEGRADOR TIPO 6 TST 5,3 MIN;3;CX;2302;6102
127;MEDHOSTER;06/06/2022;5.150;22.958.146/0001-87;MEDHOSTER COMERCIO DE PRODUTOS MEDICOS E HOSPITALARES LTDA;PB;03.057.240/0001-10;INNPAR;PB;;JOÃO PESSOA;TORRE;FITA PARA AUTOCLAVE AZUL;3;RL;167;5102
128;MEDHOSTER;06/06/2022;5.150;22.958.146/0001-87;MEDHOSTER COMERCIO DE PRODUTOS MEDICOS E HOSPITALARES LTDA;PB;03.057.240/0001-10;INNPAR;PB;;JOÃO PESSOA;TORRE;INDICADOR BIOLOGICO AUTO CONTIDO 40M  ;3;CX;LCB031;5102
129;MEDHOSTER;06/06/2022;5.150;22.958.146/0001-87;MEDHOSTER COMERCIO DE PRODUTOS MEDICOS E HOSPITALARES LTDA;PB;03.057.240/0001-10;INNPAR;PB;;JOÃO PESSOA;TORRE;BOWIE DICK PACOTE CX   ;1;CX;2352;5102
130;MEDHOSTER;06/06/2022;5.150;22.958.146/0001-87;MEDHOSTER COMERCIO DE PRODUTOS MEDICOS E HOSPITALARES LTDA;PB;03.057.240/0001-10;INNPAR;PB;;JOÃO PESSOA;TORRE;INDICADOR QUiMICO TIPO INTEGRADOR TIPO 6 TST 5,3 MIN;1;CX;2302;5102
131;MEDHOSTER;06/06/2022;5.150;22.958.146/0001-87;MEDHOSTER COMERCIO DE PRODUTOS MEDICOS E HOSPITALARES LTDA;PB;03.057.240/0001-10;INNPAR;PB;;JOÃO PESSOA;TORRE;RESTORE;1;GL;IC45AW;5102
132;MEDHOSTER;06/06/2022;5.151;22.958.146/0001-87;MEDHOSTER COMERCIO DE PRODUTOS MEDICOS E HOSPITALARES LTDA;PB;08.380.701/0006-10;UNIMED NATAL SOCIEDADE COOPERATIVA DE TRABALHO MEDICO;RN;;NATAL;LAGOA NOVA;BOWIE DICK PACOTE CX;1;CX;2352;6102
133;MEDHOSTER;06/06/2022;5.151;22.958.146/0001-87;MEDHOSTER COMERCIO DE PRODUTOS MEDICOS E HOSPITALARES LTDA;PB;08.380.701/0006-10;UNIMED NATAL SOCIEDADE COOPERATIVA DE TRABALHO MEDICO;RN;;NATAL;LAGOA NOVA;LUBRIFICANTE HINGE-FREE;2;GL;103108;6102
134;MEDHOSTER;06/06/2022;5.151;22.958.146/0001-87;MEDHOSTER COMERCIO DE PRODUTOS MEDICOS E HOSPITALARES LTDA;PB;08.380.701/0006-10;UNIMED NATAL SOCIEDADE COOPERATIVA DE TRABALHO MEDICO;RN;;NATAL;LAGOA NOVA;DETERGENTE ENZIMATICO ULTRA CONCENTRADO PROLYSTICA;2;GL;1C03T4WR;6102
135;MEDHOSTER;06/06/2022;5.151;22.958.146/0001-87;MEDHOSTER COMERCIO DE PRODUTOS MEDICOS E HOSPITALARES LTDA;PB;08.380.701/0006-10;UNIMED NATAL SOCIEDADE COOPERATIVA DE TRABALHO MEDICO;RN;;NATAL;LAGOA NOVA;INTEGRADOR QUiMICO BROWNE TIPO 5;11;PCT;3100;6102
136;MEDHOSTER;06/06/2022;5.151;22.958.146/0001-87;MEDHOSTER COMERCIO DE PRODUTOS MEDICOS E HOSPITALARES LTDA;PB;08.380.701/0006-10;UNIMED NATAL SOCIEDADE COOPERATIVA DE TRABALHO MEDICO;RN;;NATAL;LAGOA NOVA;MONITOR DE LIMPEZA VERIFY RESI TEST;1;CX;LCC100;6102
137;MEDHOSTER;06/06/2022;5.152;22.958.146/0001-87;MEDHOSTER COMERCIO DE PRODUTOS MEDICOS E HOSPITALARES LTDA;PB;08.337.586/0001-96;INSTITUTO DE PROTECAO E ASSISTENCIA A INFANCIA DO RN;RN;;NATAL;CENTRO;INTEGRADOR QUiMICO BROWNE TIPO 5;2;PCT;3100;6102
138;MEDHOSTER;06/06/2022;5.153;22.958.146/0001-87;MEDHOSTER COMERCIO DE PRODUTOS MEDICOS E HOSPITALARES LTDA;PB;08.680.639/0006-81;UNIMED J.PESSOA COOPERATIVA DE TRAB. MEDICO;PB;;JOÃO PESSOA;AGUA FRIA;VERIFY ALL CLEAN TEST INDICADOR;2;CX;LCC012;5102
139;MEDHOSTER;07/06/2022;5.155;22.958.146/0001-87;MEDHOSTER COMERCIO DE PRODUTOS MEDICOS E HOSPITALARES LTDA;PB;29.883.981/0001-44;CLINEPA - CENTRO HOSPITALAR LTDA;PB;;JOÃO PESSOA;TORRE;FITA PARA AUTOCLAVE AZUL;5;RL;167;5102
140;MEDHOSTER;07/06/2022;5.155;22.958.146/0001-87;MEDHOSTER COMERCIO DE PRODUTOS MEDICOS E HOSPITALARES LTDA;PB;29.883.981/0001-44;CLINEPA - CENTRO HOSPITALAR LTDA;PB;;JOÃO PESSOA;TORRE;INDICADOR QUIMICO CELERITY HP;1;CX;PCC075;5102
141;MEDHOSTER;07/06/2022;5.155;22.958.146/0001-87;MEDHOSTER COMERCIO DE PRODUTOS MEDICOS E HOSPITALARES LTDA;PB;29.883.981/0001-44;CLINEPA - CENTRO HOSPITALAR LTDA;PB;;JOÃO PESSOA;TORRE;INDICADOR BIOLOGICO - Celerity 20 HP;2;CX;LCB044;5102
142;MEDHOSTER;07/06/2022;5.155;22.958.146/0001-87;MEDHOSTER COMERCIO DE PRODUTOS MEDICOS E HOSPITALARES LTDA;PB;29.883.981/0001-44;CLINEPA - CENTRO HOSPITALAR LTDA;PB;;JOÃO PESSOA;TORRE;INDICADOR BIOLOGICO AUTO CONTIDO 40M;2;CX;LCB031;5102
143;MEDHOSTER;07/06/2022;5.155;22.958.146/0001-87;MEDHOSTER COMERCIO DE PRODUTOS MEDICOS E HOSPITALARES LTDA;PB;29.883.981/0001-44;CLINEPA - CENTRO HOSPITALAR LTDA;PB;;JOÃO PESSOA;TORRE;BOWIE DICK PACOTE CX ;2;CX;2352;5102
144;MEDHOSTER;07/06/2022;5.155;22.958.146/0001-87;MEDHOSTER COMERCIO DE PRODUTOS MEDICOS E HOSPITALARES LTDA;PB;29.883.981/0001-44;CLINEPA - CENTRO HOSPITALAR LTDA;PB;;JOÃO PESSOA;TORRE;INDICADOR QUiMICO TIPO INTEGRADOR TIPO 6 TST 5,3 MIN;3;CX;2302;5102
145;MEDHOSTER;07/06/2022;5.155;22.958.146/0001-87;MEDHOSTER COMERCIO DE PRODUTOS MEDICOS E HOSPITALARES LTDA;PB;29.883.981/0001-44;CLINEPA - CENTRO HOSPITALAR LTDA;PB;;JOÃO PESSOA;TORRE;DETERGENTE PROLYSTICA 2X CONCENTRADO ENZIMATICO;3;GL;IC3308;5102
146;MEDHOSTER;07/06/2022;5.155;22.958.146/0001-87;MEDHOSTER COMERCIO DE PRODUTOS MEDICOS E HOSPITALARES LTDA;PB;29.883.981/0001-44;CLINEPA - CENTRO HOSPITALAR LTDA;PB;;JOÃO PESSOA;TORRE;VERIFY ALL CLEAN TEST INDICADOR;1;CX;LCC012;5102
147;MEDHOSTER;07/06/2022;5.155;22.958.146/0001-87;MEDHOSTER COMERCIO DE PRODUTOS MEDICOS E HOSPITALARES LTDA;PB;29.883.981/0001-44;CLINEPA - CENTRO HOSPITALAR LTDA;PB;;JOÃO PESSOA;TORRE;INDICADOR QUIMICO TEMP-A SURE;1;PCT;NB255;5102
148;MEDHOSTER;07/06/2022;5.157;22.958.146/0001-87;MEDHOSTER COMERCIO DE PRODUTOS MEDICOS E HOSPITALARES LTDA;PB;08.846.255/0001-81;CLINICA SANTA CLARA LTDA;PB;;CAMPINA GRANDE;PRATA;LIBERADOR DE CARGA TST LOAD CHECK 134C 5,3MINUTOS;1;CX;3778;5102
149;MEDHOSTER;07/06/2022;5.158;22.958.146/0001-87;MEDHOSTER COMERCIO DE PRODUTOS MEDICOS E HOSPITALARES LTDA;PB;08.680.639/0006-81;UNIMED J.PESSOA COOPERATIVA DE TRAB. MEDICO;PB;;JOÃO PESSOA;AGUA FRIA;BOWIE DICK PACOTE CX ;4;CX;2352;5102
150;MEDHOSTER;07/06/2022;5.158;22.958.146/0001-87;MEDHOSTER COMERCIO DE PRODUTOS MEDICOS E HOSPITALARES LTDA;PB;08.680.639/0006-81;UNIMED J.PESSOA COOPERATIVA DE TRAB. MEDICO;PB;;JOÃO PESSOA;AGUA FRIA;DETERGENTE PROLYSTICA 2X CONCENTRADO ENZIMATICO;3;GL;IC3308;5102
151;MEDHOSTER;07/06/2022;5.158;22.958.146/0001-87;MEDHOSTER COMERCIO DE PRODUTOS MEDICOS E HOSPITALARES LTDA;PB;08.680.639/0006-81;UNIMED J.PESSOA COOPERATIVA DE TRAB. MEDICO;PB;;JOÃO PESSOA;AGUA FRIA;DETERGENTE ENZIMATICO ULTRA CONCENTRADOPROLYSTICA;3;GL;1C03T4WR;5102
152;MEDHOSTER;07/06/2022;5.159;22.958.146/0001-87;MEDHOSTER COMERCIO DE PRODUTOS MEDICOS E HOSPITALARES LTDA;PB;09.124.165/0001-40;HOSPITAL INSTITUTO WALFREDO GUEDES PEREIRA;PB;;JOÃO PESSOA;CENTRO;ESPONJA REVITAL-OX D-SPONGE;1;CX;2D92-QH;5102
153;MEDHOSTER;07/06/2022;5.159;22.958.146/0001-87;MEDHOSTER COMERCIO DE PRODUTOS MEDICOS E HOSPITALARES LTDA;PB;09.124.165/0001-40;HOSPITAL INSTITUTO WALFREDO GUEDES PEREIRA;PB;;JOÃO PESSOA;CENTRO;VERIFY INDICADOR ULTRASSONICO;1;CX;U501;5102
154;MEDHOSTER;10/06/2022;5.163;22.958.146/0001-87;MEDHOSTER COMERCIO DE PRODUTOS MEDICOS E HOSPITALARES LTDA;PB;12.780.939/0001-03;CLINICA GERAL E PEDIATRIA LTDA;PB;;JOÃO PESSOA;Ipes;ESCOVA REVITAL-OX;2;CX;2D78QV;5102
155;MEDHOSTER;10/06/2022;5.164;22.958.146/0001-87;MEDHOSTER COMERCIO DE PRODUTOS MEDICOS E HOSPITALARES LTDA;PB;13.857.429/0001-41;HOSPITAL DE OFTALMOLOGIA DE CAMPINA GRANDE LTDA;PB;;CAMPINA GRANDE;CENTRO;INDICADOR BIOLOGICO AUTO CONTIDO 40M;4;CX;LCB031;5102
156;MEDHOSTER;10/06/2022;5.164;22.958.146/0001-87;MEDHOSTER COMERCIO DE PRODUTOS MEDICOS E HOSPITALARES LTDA;PB;13.857.429/0001-41;HOSPITAL DE OFTALMOLOGIA DE CAMPINA GRANDE LTDA;PB;;CAMPINA GRANDE;CENTRO;UMECTANTE PRE-KLENZ 400ml;3;FR;1503-77;5102
157;MEDHOSTER;10/06/2022;5.164;22.958.146/0001-87;MEDHOSTER COMERCIO DE PRODUTOS MEDICOS E HOSPITALARES LTDA;PB;13.857.429/0001-41;HOSPITAL DE OFTALMOLOGIA DE CAMPINA GRANDE LTDA;PB;;CAMPINA GRANDE;CENTRO;BOWIE DICK PACOTE CX ;3;CX;2352;5102
158;MEDHOSTER;10/06/2022;5.164;22.958.146/0001-87;MEDHOSTER COMERCIO DE PRODUTOS MEDICOS E HOSPITALARES LTDA;PB;13.857.429/0001-41;HOSPITAL DE OFTALMOLOGIA DE CAMPINA GRANDE LTDA;PB;;CAMPINA GRANDE;CENTRO;INDICADOR QUiMICO TIPO INTEGRADOR TIPO 6 TST 5,3 MIN;1;CX;2302;5102
159;MEDHOSTER;10/06/2022;5.165;22.958.146/0001-87;MEDHOSTER COMERCIO DE PRODUTOS MEDICOS E HOSPITALARES LTDA;PB;01.571.791/0001-72;INDICADOR BIOLOGICO AUTO CONTIDO 40M;RN;;NATAL;PETRoPOLIS;INDICADOR BIOLOGICO AUTO CONTIDO 40M;1;CX;LCB031;6102
160;MEDHOSTER;13/06/2022;5.166;22.958.146/0001-87;MEDHOSTER COMERCIO DE PRODUTOS MEDICOS E HOSPITALARES LTDA;PB;03.748.854/0001-49;GASTROPROCTO HOSPITAL DIA E SERVICOS MEDICOS LTDA - ME;RN;;NATAL;TIROL;INDICADOR BIOLOGICO AUTO CONTIDO 40M;2;CX;LCB031;6102
161;MEDHOSTER;13/06/2022;5.166;22.958.146/0001-87;MEDHOSTER COMERCIO DE PRODUTOS MEDICOS E HOSPITALARES LTDA;PB;03.748.854/0001-49;GASTROPROCTO HOSPITAL DIA E SERVICOS MEDICOS LTDA - ME;RN;;NATAL;TIROL;UMECTANTE PRE-KLENZ 400ml;8;FR;1503-77;6102
162;MEDHOSTER;13/06/2022;5.166;22.958.146/0001-87;MEDHOSTER COMERCIO DE PRODUTOS MEDICOS E HOSPITALARES LTDA;PB;03.748.854/0001-49;GASTROPROCTO HOSPITAL DIA E SERVICOS MEDICOS LTDA - ME;RN;;NATAL;TIROL;BOWIE DICK PACOTE CX;1;CX;2352;6102
163;MEDHOSTER;13/06/2022;5.166;22.958.146/0001-87;MEDHOSTER COMERCIO DE PRODUTOS MEDICOS E HOSPITALARES LTDA;PB;03.748.854/0001-49;GASTROPROCTO HOSPITAL DIA E SERVICOS MEDICOS LTDA - ME;RN;;NATAL;TIROL;LIBERADOR DE CARGA TST LOAD CHECK 134C 5,3MINUTOS;1;CX;3778;6102
164;MEDHOSTER;13/06/2022;5.166;22.958.146/0001-87;MEDHOSTER COMERCIO DE PRODUTOS MEDICOS E HOSPITALARES LTDA;PB;03.748.854/0001-49;GASTROPROCTO HOSPITAL DIA E SERVICOS MEDICOS LTDA - ME;RN;;NATAL;TIROL;INDICADOR QUiMICO TIPO INTEGRADOR TIPO 6 TST 5,3 MIN;2;CX;2302;6102
165;MEDHOSTER;13/06/2022;5.166;22.958.146/0001-87;MEDHOSTER COMERCIO DE PRODUTOS MEDICOS E HOSPITALARES LTDA;PB;03.748.854/0001-49;GASTROPROCTO HOSPITAL DIA E SERVICOS MEDICOS LTDA - ME;RN;;NATAL;TIROL;DETERGENTE PROLYSTICA 2X CONCENTRADO ENZIMATICO;1;GL;IC3308;6102
166;MEDHOSTER;13/06/2022;5.166;22.958.146/0001-87;MEDHOSTER COMERCIO DE PRODUTOS MEDICOS E HOSPITALARES LTDA;PB;03.748.854/0001-49;GASTROPROCTO HOSPITAL DIA E SERVICOS MEDICOS LTDA - ME;RN;;NATAL;TIROL;VERIFY INDICADOR ULTRASSONICO ;2;CX;U501;6102
167;MEDHOSTER;13/06/2022;5.167;22.958.146/0001-87;MEDHOSTER COMERCIO DE PRODUTOS MEDICOS E HOSPITALARES LTDA;PB;02.108.023/0004-92;CESED - CENTRO DE ENSINO SUPERIOR E DESENVOLVIMENTO LTDA;PB;;JOÃO PESSOA;MANGABEIRA;INDICADOR BIOLOGICO AUTO CONTIDO 40M;1;CX;LCB031;6102
168;MEDHOSTER;13/06/2022;5.167;22.958.146/0001-87;MEDHOSTER COMERCIO DE PRODUTOS MEDICOS E HOSPITALARES LTDA;PB;02.108.023/0004-92;CESED - CENTRO DE ENSINO SUPERIOR E DESENVOLVIMENTO LTDA;PB;;JOÃO PESSOA;MANGABEIRA;INDICADOR QUiMICO TIPO INTEGRADOR TIPO 6 TST 5,3 MIN;2;CX;2302;6102
169;MEDHOSTER;14/06/2022;5.168;22.958.146/0001-87;MEDHOSTER COMERCIO DE PRODUTOS MEDICOS E HOSPITALARES LTDA;PB;08.973.539/0001-39;PROCARDIO INSTITUTO DE CARDIOLOGIA DA PARAIBA LTDA;PB;;JOÃO PESSOA;TORRE;INDICADOR BIOLOGICO AUTO CONTIDO 40M;6;CX;LCB031;5102
170;MEDHOSTER;14/06/2022;5.168;22.958.146/0001-87;MEDHOSTER COMERCIO DE PRODUTOS MEDICOS E HOSPITALARES LTDA;PB;08.973.539/0001-39;PROCARDIO INSTITUTO DE CARDIOLOGIA DA PARAIBA LTDA;PB;;JOÃO PESSOA;TORRE;BOWIE DICK PACOTE CX;3;CX;2352;5102
171;MEDHOSTER;14/06/2022;5.168;22.958.146/0001-87;MEDHOSTER COMERCIO DE PRODUTOS MEDICOS E HOSPITALARES LTDA;PB;08.973.539/0001-39;PROCARDIO INSTITUTO DE CARDIOLOGIA DA PARAIBA LTDA;PB;;JOÃO PESSOA;TORRE;DETERGENTE PROLYSTICA 2X CONCENTRADO ENZIMATICO;7;GL;IC3308;5102
172;MEDHOSTER;14/06/2022;5.170;22.958.146/0001-87;MEDHOSTER COMERCIO DE PRODUTOS MEDICOS E HOSPITALARES LTDA;PB;08.256.240/0001-63;ASSOCIACAO DE PROTECAO E ASSISTENCIA A MATERNIDADE E A INFAN;RN;;MOSSORO;CENTRO;BOWIE DICK PACOTE CX;3;CX;2352;6102
173;MEDHOSTER;14/06/2022;5.170;22.958.146/0001-87;MEDHOSTER COMERCIO DE PRODUTOS MEDICOS E HOSPITALARES LTDA;PB;08.256.240/0001-63;ASSOCIACAO DE PROTECAO E ASSISTENCIA A MATERNIDADE E A INFAN;RN;;MOSSORO;CENTRO;INDICADOR QUiMICO TIPO INTEGRADOR TIPO 6 TST 5,3 MIN;5;CX;2302;6102
174;MEDHOSTER;14/06/2022;5.170;22.958.146/0001-87;MEDHOSTER COMERCIO DE PRODUTOS MEDICOS E HOSPITALARES LTDA;PB;08.256.240/0001-63;ASSOCIACAO DE PROTECAO E ASSISTENCIA A MATERNIDADE E A INFAN;RN;;MOSSORO;CENTRO;INDICADOR BIOLoGICO PARA VAPOR 24HS;1;CX;2232;6102
175;MEDHOSTER;15/06/2022;5.171;22.958.146/0001-87;MEDHOSTER COMERCIO DE PRODUTOS MEDICOS E HOSPITALARES LTDA;PB;08.606.857/0001-61;CENTRO OFTALMICO TARCIZIO DIAS;PB;;JOÃO PESSOA;TORRE;INTEGRADOR TST 134/ 3,5 MIN FLASH;2;CX;2317;6102
176;MEDHOSTER;15/06/2022;5.171;22.958.146/0001-87;MEDHOSTER COMERCIO DE PRODUTOS MEDICOS E HOSPITALARES LTDA;PB;08.606.857/0001-61;CENTRO OFTALMICO TARCIZIO DIAS;PB;;JOÃO PESSOA;TORRE;INDICADOR QUiMICO TIPO INTEGRADOR TIPO 6 TST 5,3 MIN;3;CX;2302;6102
177;MEDHOSTER;15/06/2022;5.172;22.958.146/0001-87;MEDHOSTER COMERCIO DE PRODUTOS MEDICOS E HOSPITALARES LTDA;PB;08.337.586/0001-96;INSTITUTO DE PROTECAO E ASSISTENCIA A INFANCIA DO RN;RN;;NATAL;CENTRO;ETIQUETA C/ INDIC. QUiMICO P/ VAPOR CX COM 24 UND;1;CX;3794-24;6102
178;MEDHOSTER;15/06/2022;5.172;22.958.146/0001-87;MEDHOSTER COMERCIO DE PRODUTOS MEDICOS E HOSPITALARES LTDA;PB;08.337.586/0001-96;INSTITUTO DE PROTECAO E ASSISTENCIA A INFANCIA DO RN;RN;;NATAL;CENTRO;DETERGENTE PROLYSTICA 2X CONCENTRADO ENZIMATICO;3;GL;IC3308;6102
179;MEDHOSTER;15/06/2022;5.173;22.958.146/0001-87;MEDHOSTER COMERCIO DE PRODUTOS MEDICOS E HOSPITALARES LTDA;PB;02.766.875/0001-24;UPDATE - UNIDADE DE PESQUISA DIAGNOSTICA AVANCADA E TRATAMEN;RN;;NATAL;TIROL;INDICADOR BIOLOGICO AUTO CONTIDO 40M ;2;CX;LCB031;6102
180;MEDHOSTER;15/06/2022;5.173;22.958.146/0001-87;MEDHOSTER COMERCIO DE PRODUTOS MEDICOS E HOSPITALARES LTDA;PB;02.766.875/0001-24;UPDATE - UNIDADE DE PESQUISA DIAGNOSTICA AVANCADA E TRATAMEN;RN;;NATAL;TIROL;BOWIE DICK PACOTE CX;1;CX;2352;6102
181;MEDHOSTER;15/06/2022;5.174;22.958.146/0001-87;MEDHOSTER COMERCIO DE PRODUTOS MEDICOS E HOSPITALARES LTDA;PB;08.667.206/0001-81;INSTITUTO SAO JOSE;PB;;JOÃO PESSOA;TAMBIA;INDICADOR BIOLoGICO PARA VAPOR 24HS;1;CX;2232;5102
182;MEDHOSTER;15/06/2022;5.176;22.958.146/0001-87;MEDHOSTER COMERCIO DE PRODUTOS MEDICOS E HOSPITALARES LTDA;PB;10.848.190/0001-55;HOSPITAL DA POLICIA MILITAR GENERAL EDSON RAMALHO;PB;;JOÃO PESSOA;13 DE MAIO;ETIQUETA C/ INDIC. QUiMICO P/ VAPOR CX COM 24 UND;4;CX;3794-24;5102
183;MEDHOSTER;17/06/2022;5.178;22.958.146/0001-87;MEDHOSTER COMERCIO DE PRODUTOS MEDICOS E HOSPITALARES LTDA;PB;40.939.944/0001-43;HOSPITAL JOAO PAULO II LTDA;PB;;JOÃO PESSOA;CENTRO;BOWIE DICK PACOTE CX;2;CX;2352;5102
184;MEDHOSTER;17/06/2022;5.178;22.958.146/0001-87;MEDHOSTER COMERCIO DE PRODUTOS MEDICOS E HOSPITALARES LTDA;PB;40.939.944/0001-43;HOSPITAL JOAO PAULO II LTDA;PB;;JOÃO PESSOA;CENTRO;INDICADOR QUiMICO TIPO INTEGRADOR TIPO 6 TST 5,3MIN;5;CX;2302;5102
185;MEDHOSTER;17/06/2022;5.178;22.958.146/0001-87;MEDHOSTER COMERCIO DE PRODUTOS MEDICOS E HOSPITALARES LTDA;PB;40.939.944/0001-43;HOSPITAL JOAO PAULO II LTDA;PB;;JOÃO PESSOA;CENTRO;DETERGENTE PROLYSTICA 2X CONCENTRADO ENZIMATICO;1;GL;IC3308;5102
186;MEDHOSTER;17/06/2022;5.178;22.958.146/0001-87;MEDHOSTER COMERCIO DE PRODUTOS MEDICOS E HOSPITALARES LTDA;PB;40.939.944/0001-43;HOSPITAL JOAO PAULO II LTDA;PB;;JOÃO PESSOA;CENTRO;INDICADOR BIOLoGICO PARA VAPOR 24HS;1;CX;2232;5102
187;MEDHOSTER;20/06/2022;5.180;22.958.146/0001-87;MEDHOSTER COMERCIO DE PRODUTOS MEDICOS E HOSPITALARES LTDA;PB;40.396.298/0001-15;BIOMED SERVICOS E CONSULTORIA EM SAUDE LTDA;PB;;CARAUBAS;CENTRO;INDICADOR BIOLOGICO AUTO CONTIDO 40M;4;CX;LCB031;5102
188;MEDHOSTER;20/06/2022;5.180;22.958.146/0001-87;MEDHOSTER COMERCIO DE PRODUTOS MEDICOS E HOSPITALARES LTDA;PB;40.396.298/0001-15;BIOMED SERVICOS E CONSULTORIA EM SAUDE LTDA;PB;;CARAUBAS;CENTRO;INDICADOR QUiMICO TIPO INTEGRADOR TIPO 6 TST 5,3 MIN;3;CX;2302;5102
189;MEDHOSTER;20/06/2022;5.181;22.958.146/0001-87;MEDHOSTER COMERCIO DE PRODUTOS MEDICOS E HOSPITALARES LTDA;PB;08.247.777/0001-67;CLINICA DE OLHOS SANTA BEATRIZ LTDA;PB;;NATAL;PETRoPOLIS;INDICADOR QUiMICO TIPO INTEGRADOR TIPO 6 TST 5,3MIN;4;CX;2302;6102
190;MEDHOSTER;20/06/2022;5.182;22.958.146/0001-87;MEDHOSTER COMERCIO DE PRODUTOS MEDICOS E HOSPITALARES LTDA;PB;08.846.255/0001-81;CLINICA SANTA CLARA LTDA;PB;;CAMPINA GRANDE;PRATA;ETIQUETA C/ INDIC. QUiMICO P/ VAPOR CX COM 24 UND;1;CX;3794-24;5102
191;MEDHOSTER;20/06/2022;5.183;22.958.146/0001-87;MEDHOSTER COMERCIO DE PRODUTOS MEDICOS E HOSPITALARES LTDA;PB;02.108.023/0001-40;CESED LTDA;PB;;CAMPINA GRANDE;ITARARE;LIBERADOR DE CARGA TST LOAD CHECK 134C 5,3MINUTOS;1;CX;3778;5102
192;MEDHOSTER;21/06/2022;5.184;22.958.146/0001-87;MEDHOSTER COMERCIO DE PRODUTOS MEDICOS E HOSPITALARES LTDA;PB;08.680.639/0006-81;UNIMED J.PESSOA COOPERATIVA DE TRAB. MEDICO;PB;;JOÃO PESSOA;AGUA FRIA;INDICADOR QUiMICO TIPO INTEGRADOR TIPO 6 TST 5,3 MIN;7;CX;2302;5102
193;MEDHOSTER;21/06/2022;5.184;22.958.146/0001-87;MEDHOSTER COMERCIO DE PRODUTOS MEDICOS E HOSPITALARES LTDA;PB;08.680.639/0006-81;UNIMED J.PESSOA COOPERATIVA DE TRAB. MEDICO;PB;;JOÃO PESSOA;AGUA FRIA;ETIQUETA C/ INDIC. QUiMICO P/ VAPOR CX COM 24 UND;2;CX;3794-24;5102
194;MEDHOSTER;21/06/2022;5.184;22.958.146/0001-87;MEDHOSTER COMERCIO DE PRODUTOS MEDICOS E HOSPITALARES LTDA;PB;08.680.639/0006-81;UNIMED J.PESSOA COOPERATIVA DE TRAB. MEDICO;PB;;JOÃO PESSOA;AGUA FRIA;DETERGENTE PROLYSTICA 2X CONCENTRADO ENZIMATICO;3;GL;IC3308;5102
195;MEDHOSTER;21/06/2022;5.184;22.958.146/0001-87;MEDHOSTER COMERCIO DE PRODUTOS MEDICOS E HOSPITALARES LTDA;PB;08.680.639/0006-81;UNIMED J.PESSOA COOPERATIVA DE TRAB. MEDICO;PB;;JOÃO PESSOA;AGUA FRIA;DETERGENTE ENZIMATICO ULTRA CONCENTRADO PROLYSTICA;2;GL;1C03T4WR;5102
196;MEDHOSTER;21/06/2022;5.185;22.958.146/0001-87;MEDHOSTER COMERCIO DE PRODUTOS MEDICOS E HOSPITALARES LTDA;PB;10.848.190/0001-55;HOSPITAL DA POLICIA MILITAR GENERAL EDSON RAMALHO;PB;;JOÃO PESSOA;13 DE MAIO;INDICADOR BIOLOGICO AUTO CONTIDO 40M;8;CX;LCB031;5102
197;MEDHOSTER;22/06/2022;5.187;22.958.146/0001-87;MEDHOSTER COMERCIO DE PRODUTOS MEDICOS E HOSPITALARES LTDA;PB;10.848.190/0001-55;HOSPITAL DA POLICIA MILITAR GENERAL EDSON RAMALHO;PB;;JOÃO PESSOA;13 DE MAIO;VERIFY INDICADOR ULTRASSONICO;4;CX;U501;5102
198;MEDHOSTER;28/06/2022;5.189;22.958.146/0001-87;MEDHOSTER COMERCIO DE PRODUTOS MEDICOS E HOSPITALARES LTDA;PB;16.660.436/0001-47;PROVISAO - HOSPITAL OFTALMOLOGICO DA PARAIBA LTDA;PB;;JOÃO PESSOA;MIRAMAR;INDICADOR BIOLoGICO PARA VAPOR 24HS;1;CX;2232;5102
199;MEDHOSTER;28/06/2022;5.190;22.958.146/0001-87;MEDHOSTER COMERCIO DE PRODUTOS MEDICOS E HOSPITALARES LTDA;PB;08.973.539/0001-39;PROCARDIO INSTITUTO DE CARDIOLOGIA DA PARAIBA LTDA;PB;;JOÃO PESSOA;TORRE;INDICADOR QUiMICO TIPO INTEGRADOR TIPO 6 TST 5,3 MIN;2;CX;2302;5102
200;MEDHOSTER;28/06/2022;5.190;22.958.146/0001-87;MEDHOSTER COMERCIO DE PRODUTOS MEDICOS E HOSPITALARES LTDA;PB;08.973.539/0001-39;PROCARDIO INSTITUTO DE CARDIOLOGIA DA PARAIBA LTDA;PB;;JOÃO PESSOA;TORRE;ETIQUETA C/ INDIC. QUiMICO P/ VAPOR CX COM 24 UND;1;CX;3794-24;5102
201;MEDHOSTER;28/06/2022;5.192;22.958.146/0001-87;MEDHOSTER COMERCIO DE PRODUTOS MEDICOS E HOSPITALARES LTDA;PB;08.778.268/0024-57;HOSPITAL REGIONAL DE BELEM;PB;;BELEM;CENTRO;VERIFY INDICADOR ULTRASSONICO SUPORTE;1;UN;U505;5102
202;MEDHOSTER;28/06/2022;5.192;22.958.146/0001-87;MEDHOSTER COMERCIO DE PRODUTOS MEDICOS E HOSPITALARES LTDA;PB;08.778.268/0024-57;HOSPITAL REGIONAL DE BELEM;PB;;BELEM;CENTRO;VERIFY INDICADOR ULTRASSONICO;1;CX;U501;5102
203;MEDHOSTER;29/06/2022;5.194;22.958.146/0001-87;MEDHOSTER COMERCIO DE PRODUTOS MEDICOS E HOSPITALARES LTDA;PB;01.571.791/0001-72;INSTITUTO POTIGUAR DE OFTALMOLOGIA LTDA - EPP;RN;;NATAL;PETRoPOLIS;INDICADOR BIOLOGICO AUTO CONTIDO 40M;1;CX;LCB031;6102
204;MEDHOSTER;29/06/2022;5.194;22.958.146/0001-87;MEDHOSTER COMERCIO DE PRODUTOS MEDICOS E HOSPITALARES LTDA;PB;01.571.791/0001-72;INSTITUTO POTIGUAR DE OFTALMOLOGIA LTDA - EPP;RN;;NATAL;PETRoPOLIS;BOWIE DICK PACOTE CX;1;CX;2352;6102
205;MEDHOSTER;29/06/2022;5.194;22.958.146/0001-87;MEDHOSTER COMERCIO DE PRODUTOS MEDICOS E HOSPITALARES LTDA;PB;01.571.791/0001-72;INSTITUTO POTIGUAR DE OFTALMOLOGIA LTDA - EPP;RN;;NATAL;PETRoPOLIS;INDICADOR QUiMICO TIPO INTEGRADOR TIPO 6 TST 5,3 MIN;3;CX;2302;6102
206;MEDHOSTER;29/06/2022;5.196;22.958.146/0001-87;MEDHOSTER COMERCIO DE PRODUTOS MEDICOS E HOSPITALARES LTDA;PB;08.372.567/0001-09;CLINICA DE OLHOS SANTO ANDRE LTDA;RN;;NATAL;TIROL;UMECTANTE PRE-KLENZ 400ml;1;FR;1503-77;6102
207;MEDHOSTER;29/06/2022;5.196;22.958.146/0001-87;MEDHOSTER COMERCIO DE PRODUTOS MEDICOS E HOSPITALARES LTDA;PB;08.372.567/0001-09;CLINICA DE OLHOS SANTO ANDRE LTDA;RN;;NATAL;TIROL;INDICADOR QUiMICO TIPO INTEGRADOR TIPO 6 TST 5,3 MIN;4;CX;2302;6102
208;MEDHOSTER;29/06/2022;5.197;22.958.146/0001-87;MEDHOSTER COMERCIO DE PRODUTOS MEDICOS E HOSPITALARES LTDA;PB;08.337.586/0001-96;INSTITUTO DE PROTECAO E ASSISTENCIA A INFANCIA DO RN;RN;;NATAL;CENTRO;BOWIE DICK PACOTE CX;1;CX;2352;6102
209;MEDHOSTER;29/06/2022;5.197;22.958.146/0001-87;MEDHOSTER COMERCIO DE PRODUTOS MEDICOS E HOSPITALARES LTDA;PB;08.337.586/0001-96;INSTITUTO DE PROTECAO E ASSISTENCIA A INFANCIA DO RN;RN;;NATAL;CENTRO;INTEGRADOR QUiMICO BROWNE TIPO 5;2;PCT;3100;6102
210;MEDHOSTER;29/06/2022;5.198;22.958.146/0001-87;MEDHOSTER COMERCIO DE PRODUTOS MEDICOS E HOSPITALARES LTDA;PB;08.337.586/0001-96;INSTITUTO DE PROTECAO E ASSISTENCIA A INFANCIA DO RN;RN;;NATAL;CENTRO;DETERGENTE PROLYSTICA 2X CONCENTRADO ENZIMATICO;3;GL;IC3308;6102
211;MEDHOSTER;30/06/2022;5.199;22.958.146/0001-87;MEDHOSTER COMERCIO DE PRODUTOS MEDICOS E HOSPITALARES LTDA;PB;70.034.855/0001-19;ANGIO VASCULAR HOSPITAL LTDA;RN;;NATAL;TIROL;INDICADOR BIOLOGICO AUTO CONTIDO 40M;2;CX;LCB031;6102
212;MEDHOSTER;30/06/2022;5.199;22.958.146/0001-87;MEDHOSTER COMERCIO DE PRODUTOS MEDICOS E HOSPITALARES LTDA;PB;70.034.855/0001-19;ANGIO VASCULAR HOSPITAL LTDA;RN;;NATAL;TIROL;BOWIE DICK PACOTE CX;3;CX;2352;6102
213;MEDHOSTER;30/06/2022;5.199;22.958.146/0001-87;MEDHOSTER COMERCIO DE PRODUTOS MEDICOS E HOSPITALARES LTDA;PB;70.034.855/0001-19;ANGIO VASCULAR HOSPITAL LTDA;RN;;NATAL;TIROL;INDICADOR QUiMICO TIPO INTEGRADOR TIPO 6 TST 5,3 MIN;10;CX;2302;6102
214;MEDHOSTER;30/06/2022;5.199;22.958.146/0001-87;MEDHOSTER COMERCIO DE PRODUTOS MEDICOS E HOSPITALARES LTDA;PB;70.034.855/0001-19;ANGIO VASCULAR HOSPITAL LTDA;RN;;NATAL;TIROL;DETERGENTE PROLYSTICA 2X CONCENTRADO ENZIMATICO;3;GL;IC3308;6102
215;MEDHOSTER;30/06/2022;5.200;22.958.146/0001-87;MEDHOSTER COMERCIO DE PRODUTOS MEDICOS E HOSPITALARES LTDA;PB;08.380.701/0006-10;UNIMED NATAL SOCIEDADE COOPERATIVA DE TRABALHO MEDICO;RN;;NATAL;LAGOA NOVA;MONITOR DE LIMPEZA VERIFY RESI TEST;2;CX;LCC100;6102
216;MEDHOSTER;30/06/2022;5.203;22.958.146/0001-87;MEDHOSTER COMERCIO DE PRODUTOS MEDICOS E HOSPITALARES LTDA;PB;08.778.268/0037-71;HOSPITAL EST. DE EMERG.E TRAUMA SENADOR HUMBERTO LUCENA;PB;;JOÃO PESSOA;PEDRO GONDIM;INTEGRADOR QUiMICO BROWNE TIPO 5;4;PCT;3100;5102
217;MEDHOSTER;04/10/2022;5.436;22.958.146/0001-87;MEDHOSTER COMERCIO DE PRODUTOS MEDICOS E HOSPITALARES LTDA;PB;10.848.190/0001-55;HOSPITAL DA POLICIA MILITAR GENERAL EDSON RAMALHO;PB;;JOAO PESSOA;13 DE MAIO;INDICADOR BIOLOGICO AUTO CONTIDO 40M;8;CX;LCB031;5102
218;MEDHOSTER;04/10/2022;5.437;22.958.146/0001-87;MEDHOSTER COMERCIO DE PRODUTOS MEDICOS E HOSPITALARES LTDA;PB;29.883.981/0001-44;CLINEPA - CENTRO HOSPITALAR LTDA;PB;;JOAO PESSOA;TORRE;DETERGENTE PROLYSTICA 2X CONCENTRADO ENZIMATICO;2;GL;IC3308;5102
219;MEDHOSTER;05/10/2022;5.438;22.958.146/0001-87;MEDHOSTER COMERCIO DE PRODUTOS MEDICOS E HOSPITALARES LTDA;PB;35.650.324/0001-50;HOSPITAL WILSON ROSADO;RN;;MOSSORO;SANTO ANTONIO;INDICADOR QUIMICO CELERITY HP;2;CX;PCC075;6102
220;MEDHOSTER;05/10/2022;5.439;22.958.146/0001-87;MEDHOSTER COMERCIO DE PRODUTOS MEDICOS E HOSPITALARES LTDA;PB;08.247.777/0001-67;CLINICA DE OLHOS SANTA BEATRIZ LTDA;RN;;NATAL;PETRoPOLIS;INDICADOR QUiMICO TIPO INTEGRADOR TIPO 6 TST 5,3 MIN;2;CX;2302;6102
221;MEDHOSTER;05/10/2022;5.443;22.958.146/0001-87;MEDHOSTER COMERCIO DE PRODUTOS MEDICOS E HOSPITALARES LTDA;PB;08.337.586/0001-96;INSTITUTO DE PROTECAO E ASSISTENCIA A INFANCIA DO RN;RN;;NATAL;CENTRO;DETERGENTE PROLYSTICA 2X CONCENTRADO ENZIMATICO;1;GL;IC3308;6102
222;MEDHOSTER;05/10/2022;5.443;22.958.146/0001-87;MEDHOSTER COMERCIO DE PRODUTOS MEDICOS E HOSPITALARES LTDA;PB;08.337.586/0001-96;INSTITUTO DE PROTECAO E ASSISTENCIA A INFANCIA DO RN;RN;;NATAL;CENTRO;INTEGRADOR QUiMICO BROWNE TIPO 5;3;PCT;3100;6102
223;MEDHOSTER;05/10/2022;5.444;22.958.146/0001-87;MEDHOSTER COMERCIO DE PRODUTOS MEDICOS E HOSPITALARES LTDA;PB;08.337.586/0001-96;INSTITUTO DE PROTECAO E ASSISTENCIA A INFANCIA DO RN;RN;;NATAL;CENTRO;ETIQUETA C/ INDIC. QUiMICO P/ VAPOR CX COM 24 UND;1;CX;3794-24;6102
224;MEDHOSTER;06/10/2022;5.445;22.958.146/0001-87;MEDHOSTER COMERCIO DE PRODUTOS MEDICOS E HOSPITALARES LTDA;PB;08.606.337/0001-59;HOSPITAL SAO FRANCISCO;PB;;PATOS;CENTRO;INDICADOR QUiMICO TIPO INTEGRADOR TIPO 6 TST 5,3 MIN;2;CX;2302;5102
225;MEDHOSTER;07/10/2022;5.446;22.958.146/0001-87;MEDHOSTER COMERCIO DE PRODUTOS MEDICOS E HOSPITALARES LTDA;PB;02.108.023/0001-40;CESED LTDA;PB;;CAMPINA GRANDE;ITARARE;ESCOVA DE NYLON PARA LIMPEZA USO GERAL 3 UNID 18,5 CM;1;PCT;1B43B3;5102
226;MEDHOSTER;07/10/2022;5.446;22.958.146/0001-87;MEDHOSTER COMERCIO DE PRODUTOS MEDICOS E HOSPITALARES LTDA;PB;02.108.023/0001-40;CESED LTDA;PB;;CAMPINA GRANDE;ITARARE;INTEGRADOR TST 134/ 3,5 MIN FLASH;2;CX;2317;5102
227;MEDHOSTER;07/10/2022;5.446;22.958.146/0001-87;MEDHOSTER COMERCIO DE PRODUTOS MEDICOS E HOSPITALARES LTDA;PB;02.108.023/0001-40;CESED LTDA;PB;;CAMPINA GRANDE;ITARARE;BOWIE DICK PACOTE CX;2;CX;2352;5102
228;MEDHOSTER;07/10/2022;5.446;22.958.146/0001-87;MEDHOSTER COMERCIO DE PRODUTOS MEDICOS E HOSPITALARES LTDA;PB;02.108.023/0001-40;CESED LTDA;PB;;CAMPINA GRANDE;ITARARE;INDICADOR QUiMICO TIPO INTEGRADOR TIPO 6 TST 5,3 MIN;6;CX;2302;5102
229;MEDHOSTER;07/10/2022;5.447;22.958.146/0001-87;MEDHOSTER COMERCIO DE PRODUTOS MEDICOS E HOSPITALARES LTDA;PB;10.848.190/0001-55;HOSPITAL DA POLICIA MILITAR GENERAL EDSON RAMALHO;PB;;JOAO PESSOA;13 DE MAIO;ESPONJA REVITAL-OX D-SPONGE;1;CX;2D92-QH;5910
230;MEDHOSTER;07/10/2022;5.447;22.958.146/0001-87;MEDHOSTER COMERCIO DE PRODUTOS MEDICOS E HOSPITALARES LTDA;PB;10.848.190/0001-55;HOSPITAL DA POLICIA MILITAR GENERAL EDSON RAMALHO;PB;;JOAO PESSOA;13 DE MAIO;UMECTANTE PRE-KLENZ 400ml;1;FR;1503-77;5910
231;MEDHOSTER;07/10/2022;5.447;22.958.146/0001-87;MEDHOSTER COMERCIO DE PRODUTOS MEDICOS E HOSPITALARES LTDA;PB;10.848.190/0001-55;HOSPITAL DA POLICIA MILITAR GENERAL EDSON RAMALHO;PB;;JOAO PESSOA;13 DE MAIO;ESCOVA REVITAL-OX - EXTREMIDADE ÚNICA;1;UN;2D75QV ;5910
232;MEDHOSTER;07/10/2022;5.447;22.958.146/0001-87;MEDHOSTER COMERCIO DE PRODUTOS MEDICOS E HOSPITALARES LTDA;PB;10.848.190/0001-55;HOSPITAL DA POLICIA MILITAR GENERAL EDSON RAMALHO;PB;;JOAO PESSOA;13 DE MAIO;ESCOVA REVITAL-OX;1;UN;2D78QV;5910
233;MEDHOSTER;07/10/2022;5.448;22.958.146/0001-87;MEDHOSTER COMERCIO DE PRODUTOS MEDICOS E HOSPITALARES LTDA;PB;08.380.701/0006-10;UNIMED NATAL SOCIEDADE COOPERATIVA DE TRABALHO MEDICO;RN;;NATAL;LAGOA NOVA;VERIFY ALL-IN-ONE PCTE TESTE DESAFIO (TUBO);6;TB;LCB055;6102
234;MEDHOSTER;07/10/2022;5.448;22.958.146/0001-87;MEDHOSTER COMERCIO DE PRODUTOS MEDICOS E HOSPITALARES LTDA;PB;08.380.701/0006-10;UNIMED NATAL SOCIEDADE COOPERATIVA DE TRABALHO MEDICO;RN;;NATAL;LAGOA NOVA;ETIQUETA C/ INDIC. QUiMICO P/ VAPOR CX COM 24 UND;1;CX;3794-24;6102
235;MEDHOSTER;07/10/2022;5.449;22.958.146/0001-87;MEDHOSTER COMERCIO DE PRODUTOS MEDICOS E HOSPITALARES LTDA;PB;08.337.586/0001-96;INSTITUTO DE PROTECAO E ASSISTENCIA A INFANCIA DO RN;RN;;NATAL;CENTRO;BOWIE DICK PACOTE CX;2;CX;2352;6102
236;MEDHOSTER;07/10/2022;5.449;22.958.146/0001-87;MEDHOSTER COMERCIO DE PRODUTOS MEDICOS E HOSPITALARES LTDA;PB;08.337.586/0001-96;INSTITUTO DE PROTECAO E ASSISTENCIA A INFANCIA DO RN;RN;;NATAL;CENTRO;DETERGENTE PROLYSTICA 2X CONCENTRADO ENZIMATICO;3;GL;IC3308;6102
237;MEDHOSTER;07/10/2022;5.449;22.958.146/0001-87;MEDHOSTER COMERCIO DE PRODUTOS MEDICOS E HOSPITALARES LTDA;PB;08.337.586/0001-96;INSTITUTO DE PROTECAO E ASSISTENCIA A INFANCIA DO RN;RN;;NATAL;CENTRO;INTEGRADOR QUiMICO BROWNE TIPO 5;3;PCT;3100;6102
238;MEDHOSTER;11/10/2022;5.452;22.958.146/0001-87;MEDHOSTER COMERCIO DE PRODUTOS MEDICOS E HOSPITALARES LTDA;PB;08.846.255/0001-81;CLINICA SANTA CLARA LTDA;PB;;CAMPINA GRANDE;PRATA;ESCOVA DE AcO PARA LIMPEZA 3 UNID 18,5 CM;1;PCT;1B43B3;5102
239;MEDHOSTER;11/10/2022;5.452;22.958.146/0001-87;MEDHOSTER COMERCIO DE PRODUTOS MEDICOS E HOSPITALARES LTDA;PB;08.846.255/0001-81;CLINICA SANTA CLARA LTDA;PB;;CAMPINA GRANDE;PRATA;ESCOVA DE NYLON PARA LIMPEZA USO GERAL 3 UNID 18,5 CM;2;PCT;1B38B3;5102
240;MEDHOSTER;11/10/2022;5.452;22.958.146/0001-87;MEDHOSTER COMERCIO DE PRODUTOS MEDICOS E HOSPITALARES LTDA;PB;08.846.255/0001-81;CLINICA SANTA CLARA LTDA;PB;;CAMPINA GRANDE;PRATA;INDICADOR P/FORMALDEIDO-SPOTS C/250 UM;2;CX;2402;5102
241;MEDHOSTER;11/10/2022;5.452;22.958.146/0001-87;MEDHOSTER COMERCIO DE PRODUTOS MEDICOS E HOSPITALARES LTDA;PB;08.846.255/0001-81;CLINICA SANTA CLARA LTDA;PB;;CAMPINA GRANDE;PRATA;LIBERADOR DE CARGA TST LOAD CHECK 134C 5,3MINUTOS;1;CX;3778;5102
242;MEDHOSTER;11/10/2022;5.452;22.958.146/0001-87;MEDHOSTER COMERCIO DE PRODUTOS MEDICOS E HOSPITALARES LTDA;PB;08.846.255/0001-81;CLINICA SANTA CLARA LTDA;PB;;CAMPINA GRANDE;PRATA;ETIQUETA C/ INDIC. QUiMICO P/ VAPOR CX COM 24 UND;1;CX;3794-24;5102
243;MEDHOSTER;11/10/2022;5.452;22.958.146/0001-87;MEDHOSTER COMERCIO DE PRODUTOS MEDICOS E HOSPITALARES LTDA;PB;08.846.255/0001-81;CLINICA SANTA CLARA LTDA;PB;;CAMPINA GRANDE;PRATA;VERIFY ALL CLEAN TEST INDICADOR;1;CX;LCC012;5102
244;MEDHOSTER;11/10/2022;5.454;22.958.146/0001-87;MEDHOSTER COMERCIO DE PRODUTOS MEDICOS E HOSPITALARES LTDA;PB;08.680.639/0006-81;UNIMED J.PESSOA COOPERATIVA DE TRAB. MEDICO;PB;;JOAO PESSOA;AGUA FRIA;INDICADOR BIOLOGICO AUTO CONTIDO 40M;24;CX;LCB031;5102
245;MEDHOSTER;11/10/2022;5.454;22.958.146/0001-87;MEDHOSTER COMERCIO DE PRODUTOS MEDICOS E HOSPITALARES LTDA;PB;08.680.639/0006-81;UNIMED J.PESSOA COOPERATIVA DE TRAB. MEDICO;PB;;JOAO PESSOA;AGUA FRIA;BOWIE DICK PACOTE CX;3;CX;2352;5102
246;MEDHOSTER;11/10/2022;5.454;22.958.146/0001-87;MEDHOSTER COMERCIO DE PRODUTOS MEDICOS E HOSPITALARES LTDA;PB;08.680.639/0006-81;UNIMED J.PESSOA COOPERATIVA DE TRAB. MEDICO;PB;;JOAO PESSOA;AGUA FRIA;ETIQUETA C/ INDIC. QUiMICO P/ VAPOR CX COM 24 UND ;2;CX;3794-24;5102
247;MEDHOSTER;11/10/2022;5.454;22.958.146/0001-87;MEDHOSTER COMERCIO DE PRODUTOS MEDICOS E HOSPITALARES LTDA;PB;08.680.639/0006-81;UNIMED J.PESSOA COOPERATIVA DE TRAB. MEDICO;PB;;JOAO PESSOA;AGUA FRIA;DETERGENTE PROLYSTICA 2X CONCENTRADO ENZIMATICO;5;GL;IC3308;5102
248;MEDHOSTER;11/10/2022;5.456;22.958.146/0001-87;MEDHOSTER COMERCIO DE PRODUTOS MEDICOS E HOSPITALARES LTDA;PB;08.380.701/0006-10;UNIMED NATAL SOCIEDADE COOPERATIVA DE TRABALHO MEDICO;RN;;NATAL;LAGOA NOVA;VERIFY INDICADOR ULTRASSONICO - TESTE MONITOR DE LIMPEZA;2;CX;U501;6102
249;MEDHOSTER;11/10/2022;5.456;22.958.146/0001-87;MEDHOSTER COMERCIO DE PRODUTOS MEDICOS E HOSPITALARES LTDA;PB;08.380.701/0006-10;UNIMED NATAL SOCIEDADE COOPERATIVA DE TRABALHO MEDICO;RN;;NATAL;LAGOA NOVA;MONITOR DE LIMPEZA VERIFY RESI TEST;10;CX;LCC100;6102
250;MEDHOSTER;11/10/2022;5.457;22.958.146/0001-87;MEDHOSTER COMERCIO DE PRODUTOS MEDICOS E HOSPITALARES LTDA;PB;01.571.791/0001-72;INSTITUTO POTIGUAR DE OFTALMOLOGIA LTDA - EPP;RN;;NATAL;PETRoPOLIS;FITA PARA AUTOCLAVE AZUL ;4;RL;167;6102
251;MEDHOSTER;11/10/2022;5.457;22.958.146/0001-87;MEDHOSTER COMERCIO DE PRODUTOS MEDICOS E HOSPITALARES LTDA;PB;01.571.791/0001-72;INSTITUTO POTIGUAR DE OFTALMOLOGIA LTDA - EPP;RN;;NATAL;PETRoPOLIS;INDICADOR BIOLOGICO AUTO CONTIDO 40M;2;CX;LCB031;6102
252;MEDHOSTER;11/10/2022;5.457;22.958.146/0001-87;MEDHOSTER COMERCIO DE PRODUTOS MEDICOS E HOSPITALARES LTDA;PB;01.571.791/0001-72;INSTITUTO POTIGUAR DE OFTALMOLOGIA LTDA - EPP;RN;;NATAL;PETRoPOLIS;BOWIE DICK PACOTE CX;1;CX;2352;6102
253;MEDHOSTER;11/10/2022;5.457;22.958.146/0001-87;MEDHOSTER COMERCIO DE PRODUTOS MEDICOS E HOSPITALARES LTDA;PB;01.571.791/0001-72;INSTITUTO POTIGUAR DE OFTALMOLOGIA LTDA - EPP;RN;;NATAL;PETRoPOLIS;ETIQUETA C/ INDIC. QUiMICO P/ VAPOR CX COM 24 UND;1;CX;3794-24;6102
254;MEDHOSTER;11/10/2022;5.459;22.958.146/0001-87;MEDHOSTER COMERCIO DE PRODUTOS MEDICOS E HOSPITALARES LTDA;PB;02.766.875/0001-24;UPDATE - UNIDADE DE PESQUISA DIAGNOSTICA AVANCADA E TRATAMEN;RN;;NATAL;TIROL;INDICADOR BIOLOGICO AUTO CONTIDO 40M;1;CX;LCB031;6102
255;MEDHOSTER;11/10/2022;5.459;22.958.146/0001-87;MEDHOSTER COMERCIO DE PRODUTOS MEDICOS E HOSPITALARES LTDA;PB;02.766.875/0001-24;UPDATE - UNIDADE DE PESQUISA DIAGNOSTICA AVANCADA E TRATAMEN;RN;;NATAL;TIROL;BOWIE DICK PACOTE CX;1;CX;2352;6102
256;MEDHOSTER;11/10/2022;5.460;70.034.855/0001-19;MEDHOSTER COMERCIO DE PRODUTOS MEDICOS E HOSPITALARES LTDA;PB;15.126.437/0007-39;HOSPITAL UNIVERSITARIO ONOFRE LOPES;RN;;NATAL;PETRoPOLIS;VERIFY ALL-IN-ONE PCTE TESTE DESAFIO (TUBO);2;UND (TB);LCB055;6910
257;MEDHOSTER;13/10/2022;5.462;22.958.146/0001-87;MEDHOSTER COMERCIO DE PRODUTOS MEDICOS E HOSPITALARES LTDA;PB;03.057.240/0001-10;INNPAR;PB;;JOAO PESSOA;TORRE;INDICADOR BIOLOGICO AUTO CONTIDO 40M;1;CX;LCB031;5102
258;MEDHOSTER;13/10/2022;5.462;22.958.146/0001-87;MEDHOSTER COMERCIO DE PRODUTOS MEDICOS E HOSPITALARES LTDA;PB;03.057.240/0001-10;INNPAR;PB;;JOAO PESSOA;TORRE;BOWIE DICK PACOTE CX;1;CX;2352;5102
259;MEDHOSTER;13/10/2022;5.462;22.958.146/0001-87;MEDHOSTER COMERCIO DE PRODUTOS MEDICOS E HOSPITALARES LTDA;PB;03.057.240/0001-10;INNPAR;PB;;JOAO PESSOA;TORRE;INDICADOR QUiMICO TIPO INTEGRADOR TIPO 6 TST 5,3 MIN;1;CX;2302;5102
260;MEDHOSTER;13/10/2022;5.462;22.958.146/0001-87;MEDHOSTER COMERCIO DE PRODUTOS MEDICOS E HOSPITALARES LTDA;PB;03.057.240/0001-10;INNPAR;PB;;JOAO PESSOA;TORRE;RESTORE;1;GL;IC45AW;5102
261;MEDHOSTER;13/10/2022;5.462;22.958.146/0001-87;MEDHOSTER COMERCIO DE PRODUTOS MEDICOS E HOSPITALARES LTDA;PB;03.057.240/0001-10;INNPAR;PB;;JOAO PESSOA;TORRE;VERIFY ALL CLEAN TEST INDICADOR;1;CX;LCC012;5102
262;MEDHOSTER;13/10/2022;5.463;22.958.146/0001-87;MEDHOSTER COMERCIO DE PRODUTOS MEDICOS E HOSPITALARES LTDA;PB;08.380.701/0006-10;UNIMED NATAL SOCIEDADE COOPERATIVA DE TRABALHO MEDICO;RN;;NATAL;LAGOA NOVA;INDICADOR BIOLOGICO AUTO CONTIDO 40M;12;CX;LCB031;6102
263;MEDHOSTER;13/10/2022;5.463;22.958.146/0001-87;MEDHOSTER COMERCIO DE PRODUTOS MEDICOS E HOSPITALARES LTDA;PB;08.380.701/0006-10;UNIMED NATAL SOCIEDADE COOPERATIVA DE TRABALHO MEDICO;RN;;NATAL;LAGOA NOVA;BOWIE DICK PACOTE CX;6;CX;2352;6102
264;MEDHOSTER;13/10/2022;5.464;22.958.146/0001-87;MEDHOSTER COMERCIO DE PRODUTOS MEDICOS E HOSPITALARES LTDA;PB;40.396.298/0001-15;BIOMED SERVICOS E CONSULTORIA EM SAUDE LTDA;RN;;CARAUBAS;CENTRO;INDICADOR BIOLOGICO AUTO CONTIDO 40M;4;CX;LCB031;6102
265;MEDHOSTER;13/10/2022;5.466;22.958.146/0001-87;MEDHOSTER COMERCIO DE PRODUTOS MEDICOS E HOSPITALARES LTDA;PB;08.380.701/0006-10;UNIMED NATAL SOCIEDADE COOPERATIVA DE TRABALHO MEDICO;RN;;NATAL;LAGOA NOVA;DETERGENTE ENZIMATICO ULTRA CONCENTRADO PROLYSTICA;2;GL;1C03T4WR;6102
266;MEDHOSTER;14/10/2022;5.467;22.958.146/0001-87;MEDHOSTER COMERCIO DE PRODUTOS MEDICOS E HOSPITALARES LTDA;PB;15.126.437/0032-40;HOSPITAL UNIVERSITARIO ALCIDES CARNEIRO;PB;;CAMPINA GRANDE;SAO JOSE;LIBERADOR DE CARGA TST LOAD CHECK 134C 5,3MINUTOS,;1;CX;3778;6102
267;MEDHOSTER;14/10/2022;5.468;22.958.146/0001-87;MEDHOSTER COMERCIO DE PRODUTOS MEDICOS E HOSPITALARES LTDA;PB;41.210.014/0001-17;HOSPITAL DE OLHOS;PB;;CAMPINA GRANDE;PRATA;INDICADOR BIOLOGICO AUTO CONTIDO 40M;5;CX;LCB031;5102
268;MEDHOSTER;14/10/2022;5.468;22.958.146/0001-87;MEDHOSTER COMERCIO DE PRODUTOS MEDICOS E HOSPITALARES LTDA;PB;41.210.014/0001-17;HOSPITAL DE OLHOS;PB;;CAMPINA GRANDE;PRATA;INDICADOR QUiMICO TIPO INTEGRADOR TIPO 6 TST 5,3MIN;5;CX;2302;5102
269;MEDHOSTER;17/10/2022;5.469;22.958.146/0001-87;MEDHOSTER COMERCIO DE PRODUTOS MEDICOS E HOSPITALARES LTDA;PB;40.939.944/0001-43;HOSPITAL JOAO PAULO II LTDA;PB;;JOAO PESSOA;CENTRO;BOWIE DICK PACOTE CX;1;CX;2352;5102
270;MEDHOSTER;17/10/2022;5.469;22.958.146/0001-87;MEDHOSTER COMERCIO DE PRODUTOS MEDICOS E HOSPITALARES LTDA;PB;40.939.944/0001-43;HOSPITAL JOAO PAULO II LTDA;PB;;JOAO PESSOA;CENTRO;INDICADOR QUiMICO TIPO INTEGRADOR TIPO 6 TST 5,3 MIN;2;CX;2302;5102
271;MEDHOSTER;17/10/2022;5.469;22.958.146/0001-87;MEDHOSTER COMERCIO DE PRODUTOS MEDICOS E HOSPITALARES LTDA;PB;40.939.944/0001-43;HOSPITAL JOAO PAULO II LTDA;PB;;JOAO PESSOA;CENTRO;DETERGENTE PROLYSTICA 2X CONCENTRADO ENZIMATICO   ;1;GL;IC3308;5102
272;MEDHOSTER;17/10/2022;5.469;22.958.146/0001-87;MEDHOSTER COMERCIO DE PRODUTOS MEDICOS E HOSPITALARES LTDA;PB;40.939.944/0001-43;HOSPITAL JOAO PAULO II LTDA;PB;;JOAO PESSOA;CENTRO;INDICADOR BIOLoGICO PARA VAPOR 24HS;1;CX;2232;5102
273;MEDHOSTER;17/10/2022;5.470;22.958.146/0001-87;MEDHOSTER COMERCIO DE PRODUTOS MEDICOS E HOSPITALARES LTDA;PB;70.034.855/0001-19;ANGIO VASCULAR HOSPITAL LTDA;RN;;NATAL;TIROL;DETERGENTE PROLYSTICA 2X CONCENTRADO ENZIMATICO;2;GL;IC3308;6102
274;MEDHOSTER;17/10/2022;5.472;22.958.146/0001-87;MEDHOSTER COMERCIO DE PRODUTOS MEDICOS E HOSPITALARES LTDA;PB;08.380.701/0006-10;UNIMED NATAL SOCIEDADE COOPERATIVA DE TRABALHO MEDICO;RN;;NATAL;LAGOA NOVA;ROLETE DE TINTA PARA ETIQUETADORA;4;PCT;3795;6102
275;MEDHOSTER;17/10/2022;5.472;22.958.146/0001-87;MEDHOSTER COMERCIO DE PRODUTOS MEDICOS E HOSPITALARES LTDA;PB;08.380.701/0006-10;UNIMED NATAL SOCIEDADE COOPERATIVA DE TRABALHO MEDICO;RN;;NATAL;LAGOA NOVA;LIBERADOR DE CARGA TST LOAD CHECK 134C 5,3MINUTOS;3;CX;3778;6102
276;MEDHOSTER;18/10/2022;5.476;22.958.146/0001-87;MEDHOSTER COMERCIO DE PRODUTOS MEDICOS E HOSPITALARES LTDA;PB;15.126.437/0032-40;HOSPITAL UNIVERSITARIO ALCIDES CARNEIRO;PB;;CAMPINA GRANDE;SAO JOSE;VERIFY ALL-IN-ONE PCTE TESTE DESAFIO (TUBO);1;TB;LCB055;5102
277;MEDHOSTER;19/10/2022;5.480;22.958.146/0001-87;MEDHOSTER COMERCIO DE PRODUTOS MEDICOS E HOSPITALARES LTDA;PB;08.337.586/0001-96;INSTITUTO DE PROTECAO E ASSISTENCIA A INFANCIA DO RN;RN;;NATAL;CENTRO;INTEGRADOR QUiMICO BROWNE TIPO 5;2;PCT;3100;6102
278;MEDHOSTER;19/10/2022;5.482;22.958.146/0001-87;MEDHOSTER COMERCIO DE PRODUTOS MEDICOS E HOSPITALARES LTDA;PB;08.428.765/0001-39;LIGA NORTE RIOGRANDENSE CONTRA O CANCER;RN;;NATAL;DIX-SEPT ROSADO;ESPONJA REVITAL-OX D-SPONGE;2;CX;2D92-QH;6102
279;MEDHOSTER;19/10/2022;5.483;22.958.146/0001-87;MEDHOSTER COMERCIO DE PRODUTOS MEDICOS E HOSPITALARES LTDA;PB;08.667.206/0001-81;INSTITUTO SAO JOSE;PB;;JOAO PESSOA;TAMBIA;INDICADOR QUiMICO TIPO INTEGRADOR TIPO 6 TST 5,3 MIN;1;CX;2302;5102
280;MEDHOSTER;19/10/2022;5.483;22.958.146/0001-87;MEDHOSTER COMERCIO DE PRODUTOS MEDICOS E HOSPITALARES LTDA;PB;08.667.206/0001-81;INSTITUTO SAO JOSE;PB;;JOAO PESSOA;TAMBIA;INDICADOR BIOLoGICO PARA VAPOR 24HS;1;CX;2232;5102
281;MEDHOSTER;19/10/2022;5.486;22.958.146/0001-87;MEDHOSTER COMERCIO DE PRODUTOS MEDICOS E HOSPITALARES LTDA;PB;08.256.240/0001-63;ASSOCIACAO DE PROTECAO E ASSISTENCIA A MATERNIDADE E A INFAN;RN;;MOSSORO;CENTRO;INDICADOR QUiMICO TIPO INTEGRADOR TIPO 6 TST 5,3 MIN;6;CX;2302;6102
282;MEDHOSTER;19/10/2022;5.486;22.958.146/0001-87;MEDHOSTER COMERCIO DE PRODUTOS MEDICOS E HOSPITALARES LTDA;PB;08.256.240/0001-63;ASSOCIACAO DE PROTECAO E ASSISTENCIA A MATERNIDADE E A INFAN;RN;;MOSSORO;CENTRO;BOWIE DICK PACOTE CX;2;CX;2352;6102
283;MEDHOSTER;19/10/2022;5.486;22.958.146/0001-87;MEDHOSTER COMERCIO DE PRODUTOS MEDICOS E HOSPITALARES LTDA;PB;08.256.240/0001-63;ASSOCIACAO DE PROTECAO E ASSISTENCIA A MATERNIDADE E A INFAN;RN;;MOSSORO;CENTRO;INDICADOR BIOLoGICO PARA VAPOR 24HS;1;CX;2232;6102
284;MEDHOSTER;19/10/2022;5.487;22.958.146/0001-87;MEDHOSTER COMERCIO DE PRODUTOS MEDICOS E HOSPITALARES LTDA;PB;29.883.981/0001-44;CLINEPA - CENTRO HOSPITALAR LTDA;PB;;JOAO PESSOA;TORRE;INDICADOR BIOLOGICO AUTO CONTIDO 40M;2;CX;LCB031;5102
285;MEDHOSTER;19/10/2022;5.487;22.958.146/0001-87;MEDHOSTER COMERCIO DE PRODUTOS MEDICOS E HOSPITALARES LTDA;PB;29.883.981/0001-44;CLINEPA - CENTRO HOSPITALAR LTDA;PB;;JOAO PESSOA;TORRE;INDICADOR QUiMICO TIPO INTEGRADOR TIPO 6 TST 5,3 MIN;1;CX;2302;5102
286;MEDHOSTER;19/10/2022;5.487;22.958.146/0001-87;MEDHOSTER COMERCIO DE PRODUTOS MEDICOS E HOSPITALARES LTDA;PB;29.883.981/0001-44;CLINEPA - CENTRO HOSPITALAR LTDA;PB;;JOAO PESSOA;TORRE;BOWIE DICK PACOTE CX;2;CX;2352;5102
287;MEDHOSTER;19/10/2022;5.487;22.958.146/0001-87;MEDHOSTER COMERCIO DE PRODUTOS MEDICOS E HOSPITALARES LTDA;PB;29.883.981/0001-44;CLINEPA - CENTRO HOSPITALAR LTDA;PB;;JOAO PESSOA;TORRE;DETERGENTE PROLYSTICA 2X CONCENTRADO ENZIMATICO;2;GL;IC3308;5102
288;MEDHOSTER;19/10/2022;5.487;22.958.146/0001-87;MEDHOSTER COMERCIO DE PRODUTOS MEDICOS E HOSPITALARES LTDA;PB;29.883.981/0001-44;CLINEPA - CENTRO HOSPITALAR LTDA;PB;;JOAO PESSOA;TORRE;INDICADOR QUIMICO CELERITY HP;1;CX;PCC075;5102
289;MEDHOSTER;19/10/2022;5.487;22.958.146/0001-87;MEDHOSTER COMERCIO DE PRODUTOS MEDICOS E HOSPITALARES LTDA;PB;29.883.981/0001-44;CLINEPA - CENTRO HOSPITALAR LTDA;PB;;JOAO PESSOA;TORRE;VERIFY INDICADOR ULTRASSONICO;1;CX;U501;5102
290;MEDHOSTER;19/10/2022;5.488;22.958.146/0001-87;MEDHOSTER COMERCIO DE PRODUTOS MEDICOS E HOSPITALARES LTDA;PB;40.980.914/0001-80;HOSPITAL UNIVERSITARIO NOVA ESPERANCA - HUNE;PB;;JOAO PESSOA;JAGUARIBE;INTEGRADOR QUiMICO BROWNE TIPO 5;2;PCT;3100;5102
291;MEDHOSTER;21/10/2022;5.490;22.958.146/0001-87;MEDHOSTER COMERCIO DE PRODUTOS MEDICOS E HOSPITALARES LTDA;PB;04.707.605/0001-78;INSTITUTO DA VISAO S/S LTDA;PB;;JOAO PESSOA;ESTADOS;INDICADOR QUiMICO TIPO INTEGRADOR TIPO 6 TST 5,3 MIN;3;CX;2302;5102
292;MEDHOSTER;25/10/2022;5.493;22.958.146/0001-87;MEDHOSTER COMERCIO DE PRODUTOS MEDICOS E HOSPITALARES LTDA;PB;30.395.486/0001-75;CLINICA MEDICA IVANY ANDRADE LTDA;PB;;JOAO PESSOA;ALTIPLANO CABO BRANCO;INDICADOR QUiMICO TIPO INTEGRADOR TIPO 6 TST 5,3 MIN;1;CX;2302;5102
293;MEDHOSTER;26/10/2022;5.495;22.958.146/0001-87;MEDHOSTER COMERCIO DE PRODUTOS MEDICOS E HOSPITALARES LTDA;PB;17.004.239/0001-32;INSTITUTO DE OFTALMOLOGIA MARCO REY;RN;;NATAL;CANDELARIA;INTEGRADOR TST 134/ 3,5 MIN FLASH;2;CX;2317;6102
294;MEDHOSTER;26/10/2022;5.495;22.958.146/0001-87;MEDHOSTER COMERCIO DE PRODUTOS MEDICOS E HOSPITALARES LTDA;PB;17.004.239/0001-32;INSTITUTO DE OFTALMOLOGIA MARCO REY;RN;;NATAL;CANDELARIA;INDICADOR QUiMICO TIPO INTEGRADOR TIPO 6 TST 5,3 MIN;3;CX;2302;6102
295;MEDHOSTER;26/10/2022;5.495;22.958.146/0001-87;MEDHOSTER COMERCIO DE PRODUTOS MEDICOS E HOSPITALARES LTDA;PB;17.004.239/0001-32;INSTITUTO DE OFTALMOLOGIA MARCO REY;RN;;NATAL;CANDELARIA;INDICADOR BIOLoGICO PARA VAPOR 24HS;1;CX;2232;6102
296;MEDHOSTER;26/10/2022;5.496;22.958.146/0001-87;MEDHOSTER COMERCIO DE PRODUTOS MEDICOS E HOSPITALARES LTDA;PB;08.606.857/0001-61;CENTRO OFTALMICO TARCIZIO DIAS;PB;;JOAO PESSOA;TORRE;INDICADOR QUiMICO TIPO INTEGRADOR TIPO 6 TST 5,3 MIN;5;CX;2302;5102
297;MEDHOSTER;26/10/2022;5.497;22.958.146/0001-87;MEDHOSTER COMERCIO DE PRODUTOS MEDICOS E HOSPITALARES LTDA;PB;27.918.229/0001-66;CENTRO MEDICO MAYER E FEITOSA;PB;;MONTEIRO;CENTRO;VERIFY INDICADOR ULTRASSONICO - TESTE MONITOR DE LIMPEZA;1;CX;U501;5102
298;MEDHOSTER;26/10/2022;5.498;22.958.146/0001-87;MEDHOSTER COMERCIO DE PRODUTOS MEDICOS E HOSPITALARES LTDA;PB;08.846.255/0001-81;CLINICA SANTA CLARA LTDA;PB;;CAMPINA GRANDE;PRATA;UMECTANTE PRE-KLENZ 400ml;4;UND (FR);1503-77;5102
299;MEDHOSTER;26/10/2022;5.499;22.958.146/0001-87;MEDHOSTER COMERCIO DE PRODUTOS MEDICOS E HOSPITALARES LTDA;PB;08.778.268/0001-60;SECRETARIA DE ESTADO DA SAUDE - SES;PB;;JOAO PESSOA;TORRE;TESTE DE SELAGEM MACKMEDICAL CX C/250 UNIDADES;2;CX;PS2100;5102
300;MEDHOSTER;27/10/2022;5.500;22.958.146/0001-87;MEDHOSTER COMERCIO DE PRODUTOS MEDICOS E HOSPITALARES LTDA;PB;08.380.701/0006-10;UNIMED NATAL SOCIEDADE COOPERATIVA DE TRABALHO MEDICO;RN;;NATAL;LAGOA NOVA;ESCOVA P/ ASPIRADOR BARON 2,3MM C/ 3 UN.;1;PCT;45-907;6102
301;MEDHOSTER;27/10/2022;5.500;22.958.146/0001-87;MEDHOSTER COMERCIO DE PRODUTOS MEDICOS E HOSPITALARES LTDA;PB;08.380.701/0006-10;UNIMED NATAL SOCIEDADE COOPERATIVA DE TRABALHO MEDICO;RN;;NATAL;LAGOA NOVA;ESCOVA PARA LIMPEZA DE MAT. HOSPITALAR;2;PCT;454005;6102
302;MEDHOSTER;27/10/2022;5.500;22.958.146/0001-87;MEDHOSTER COMERCIO DE PRODUTOS MEDICOS E HOSPITALARES LTDA;PB;08.380.701/0006-10;UNIMED NATAL SOCIEDADE COOPERATIVA DE TRABALHO MEDICO;RN;;NATAL;LAGOA NOVA;ESCOVA DE LIMPEZA PARA LUMEN 24 IN 2.5 MM (60.96CM) - 3 UN;2;PCT;1B28B3;6102
303;MEDHOSTER;27/10/2022;5.500;22.958.146/0001-87;MEDHOSTER COMERCIO DE PRODUTOS MEDICOS E HOSPITALARES LTDA;PB;08.380.701/0006-10;UNIMED NATAL SOCIEDADE COOPERATIVA DE TRABALHO MEDICO;RN;;NATAL;LAGOA NOVA;ESCOVA PARA LIMPEZA, RIGIDA, 10MM 18 - 3 UN;1;PCT;PK45448;6102
304;MEDHOSTER;27/10/2022;5.500;22.958.146/0001-87;MEDHOSTER COMERCIO DE PRODUTOS MEDICOS E HOSPITALARES LTDA;PB;08.380.701/0006-10;UNIMED NATAL SOCIEDADE COOPERATIVA DE TRABALHO MEDICO;RN;;NATAL;LAGOA NOVA;ESCOVA PARA LIMPEZA, RIGIDA, 10MM 18 - 3 UN;1;PCT;PK45668;6102
305;MEDHOSTER;27/10/2022;5.500;22.958.146/0001-87;MEDHOSTER COMERCIO DE PRODUTOS MEDICOS E HOSPITALARES LTDA;PB;08.380.701/0006-10;UNIMED NATAL SOCIEDADE COOPERATIVA DE TRABALHO MEDICO;RN;;NATAL;LAGOA NOVA;ESCOVA PARA LIMPEZA, RIGIDA, 10MM 18 - 3 UN;1;PCT;PK45669;6102
306;MEDHOSTER;27/10/2022;5.500;22.958.146/0001-87;MEDHOSTER COMERCIO DE PRODUTOS MEDICOS E HOSPITALARES LTDA;PB;08.380.701/0006-10;UNIMED NATAL SOCIEDADE COOPERATIVA DE TRABALHO MEDICO;RN;;NATAL;LAGOA NOVA;ESCOVA LIMPEZA DE INSTRUMENTOS EM GERAL DE NYLON 18.4 cm;1;UN;N-4000;6102
307;MEDHOSTER;28/10/2022;5.501;22.958.146/0001-87;MEDHOSTER COMERCIO DE PRODUTOS MEDICOS E HOSPITALARES LTDA;PB;40.396.298/0001-15;BIOMED SERVICOS E CONSULTORIA EM SAUDE LTDA;RN;;CARAUBAS;CENTRO;INDICADOR BIOLOGICO AUTO CONTIDO 40M;2;CX;LCB031;6102
308;MEDHOSTER;28/10/2022;5.501;22.958.146/0001-87;MEDHOSTER COMERCIO DE PRODUTOS MEDICOS E HOSPITALARES LTDA;PB;40.396.298/0001-15;BIOMED SERVICOS E CONSULTORIA EM SAUDE LTDA;RN;;CARAUBAS;CENTRO;INDICADOR QUiMICO TIPO INTEGRADOR TIPO 6 TST 5,3 MIN;4;CX;2302;6102
309;MEDHOSTER;28/10/2022;5.501;22.958.146/0001-87;MEDHOSTER COMERCIO DE PRODUTOS MEDICOS E HOSPITALARES LTDA;PB;40.396.298/0001-15;BIOMED SERVICOS E CONSULTORIA EM SAUDE LTDA;RN;;CARAUBAS;CENTRO;LIBERADOR DE CARGA TST LOAD CHECK 134C 5,3MINUTOS;1;CX;3778;6102
310;MEDHOSTER;28/10/2022;5.502;22.958.146/0001-87;MEDHOSTER COMERCIO DE PRODUTOS MEDICOS E HOSPITALARES LTDA;PB;08.680.639/0006-81;UNIMED J.PESSOA COOPERATIVA DE TRAB. MEDICO;PB;;JOAO PESSOA;AGUA FRIA;INDICADOR QUiMICO TIPO INTEGRADOR TIPO 6 TST 5,3 MIN;10;CX;2302;5102
311;MEDHOSTER;28/10/2022;5.502;22.958.146/0001-87;MEDHOSTER COMERCIO DE PRODUTOS MEDICOS E HOSPITALARES LTDA;PB;08.680.639/0006-81;UNIMED J.PESSOA COOPERATIVA DE TRAB. MEDICO;PB;;JOAO PESSOA;AGUA FRIA;DETERGENTE PROLYSTICA 2X CONCENTRADO ENZIMATICO;4;GL;IC3308;5102
312;MEDHOSTER;28/10/2022;5.503;22.958.146/0001-87;MEDHOSTER COMERCIO DE PRODUTOS MEDICOS E HOSPITALARES LTDA;PB;09.544.774/0002-39;POLICLINICA MILITAR DE PORTO ALEGRE;RS;;PORTO ALEGRE;BAIRRO CIDADE BAIXA;VERIFY INDICADOR ULTRASSONICO;5;CX;U501;6102
313;MEDHOSTER;28/10/2022;5.504;22.958.146/0001-87;MEDHOSTER COMERCIO DE PRODUTOS MEDICOS E HOSPITALARES LTDA;PB;09.544.774/0002-39;POLICLINICA MILITAR DE PORTO ALEGRE;RS;;PORTO ALEGRE;BAIRRO CIDADE BAIXA;VERIFY INDICADOR ULTRASSONICO SUPORTE;1;UND;U505;6910
314;MEDHOSTER;28/10/2022;5.506;22.958.146/0001-87;MEDHOSTER COMERCIO DE PRODUTOS MEDICOS E HOSPITALARES LTDA;PB;10.848.190/0001-55;HOSPITAL DA POLICIA MILITAR GENERAL EDSON RAMALHO;PB;;JOAO PESSOA;13 DE MAIO;INDICADOR BIOLOGICO AUTO CONTIDO 40M;8;CX;LCB031;5102
315;MEDHOSTER;28/10/2022;5.506;22.958.146/0001-87;MEDHOSTER COMERCIO DE PRODUTOS MEDICOS E HOSPITALARES LTDA;PB;10.848.190/0001-55;HOSPITAL DA POLICIA MILITAR GENERAL EDSON RAMALHO;PB;;JOAO PESSOA;13 DE MAIO;VERIFY ALL-IN-ONE PCTE TESTE DESAFIO (TUBO);2;TB;LCB055;5102
316;MEDHOSTER;28/10/2022;5.506;22.958.146/0001-87;MEDHOSTER COMERCIO DE PRODUTOS MEDICOS E HOSPITALARES LTDA;PB;10.848.190/0001-55;HOSPITAL DA POLICIA MILITAR GENERAL EDSON RAMALHO;PB;;JOAO PESSOA;13 DE MAIO;INDICADOR QUiMICO TIPO INTEGRADOR TIPO 6 TST 5,3MIN;30;CX;2302;5102
317;MEDHOSTER;28/10/2022;5.506;22.958.146/0001-87;MEDHOSTER COMERCIO DE PRODUTOS MEDICOS E HOSPITALARES LTDA;PB;10.848.190/0001-55;HOSPITAL DA POLICIA MILITAR GENERAL EDSON RAMALHO;PB;;JOAO PESSOA;13 DE MAIO;BOWIE DICK PACOTE CX;8;CX;2352;5102
318;MEDHOSTER;28/10/2022;5.506;22.958.146/0001-87;MEDHOSTER COMERCIO DE PRODUTOS MEDICOS E HOSPITALARES LTDA;PB;10.848.190/0001-55;HOSPITAL DA POLICIA MILITAR GENERAL EDSON RAMALHO;PB;;JOAO PESSOA;13 DE MAIO;LIBERADOR DE CARGA TST LOAD CHECK 134C 5,3MINUTOS;3;CX;3778;5102
319;MEDHOSTER;28/10/2022;5.506;22.958.146/0001-87;MEDHOSTER COMERCIO DE PRODUTOS MEDICOS E HOSPITALARES LTDA;PB;10.848.190/0001-55;HOSPITAL DA POLICIA MILITAR GENERAL EDSON RAMALHO;PB;;JOAO PESSOA;13 DE MAIO;ETIQUETA C/ INDIC. QUiMICO P/ VAPOR CX COM 24 UND;4;CX;3794-24;5102
320;MEDHOSTER;28/10/2022;5.506;22.958.146/0001-87;MEDHOSTER COMERCIO DE PRODUTOS MEDICOS E HOSPITALARES LTDA;PB;10.848.190/0001-55;HOSPITAL DA POLICIA MILITAR GENERAL EDSON RAMALHO;PB;;JOAO PESSOA;13 DE MAIO;RESTORE;1;GL;IC45AW;5102
321;MEDHOSTER;28/10/2022;5.506;22.958.146/0001-87;MEDHOSTER COMERCIO DE PRODUTOS MEDICOS E HOSPITALARES LTDA;PB;10.848.190/0001-55;HOSPITAL DA POLICIA MILITAR GENERAL EDSON RAMALHO;PB;;JOAO PESSOA;13 DE MAIO;DETERGENTE PROLYSTICA 2X CONCENTRADO ENZIMATICO;10;GL;I3308;5102
322;MEDHOSTER;28/10/2022;5.506;22.958.146/0001-87;MEDHOSTER COMERCIO DE PRODUTOS MEDICOS E HOSPITALARES LTDA;PB;10.848.190/0001-55;HOSPITAL DA POLICIA MILITAR GENERAL EDSON RAMALHO;PB;;JOAO PESSOA;13 DE MAIO;LUBRIFICANTE HINGE-FREE;1;GL;103108;5102
323;MEDHOSTER;28/10/2022;5.506;22.958.146/0001-87;MEDHOSTER COMERCIO DE PRODUTOS MEDICOS E HOSPITALARES LTDA;PB;10.848.190/0001-55;HOSPITAL DA POLICIA MILITAR GENERAL EDSON RAMALHO;PB;;JOAO PESSOA;13 DE MAIO;VERIFY ALL CLEAN TEST INDICADOR;2;CX;LCC012;5102
324;MEDHOSTER;28/10/2022;5.506;22.958.146/0001-87;MEDHOSTER COMERCIO DE PRODUTOS MEDICOS E HOSPITALARES LTDA;PB;10.848.190/0001-55;HOSPITAL DA POLICIA MILITAR GENERAL EDSON RAMALHO;PB;;JOAO PESSOA;13 DE MAIO;VERIFY INDICADOR ULTRASSONICO;4;CX;U501;5102
325;MEDHOSTER;31/10/2022;5.507;22.958.146/0001-87;MEDHOSTER COMERCIO DE PRODUTOS MEDICOS E HOSPITALARES LTDA;PB;03.748.854/0001-49;GASTROPROCTO HOSPITAL DIA E SERVICOS MEDICOS LTDA - ME;RN;;NATAL;TIROL;INDICADOR BIOLOGICO AUTO CONTIDO 40M;2;CX;LCB031;6102
326;MEDHOSTER;31/10/2022;5.507;22.958.146/0001-87;MEDHOSTER COMERCIO DE PRODUTOS MEDICOS E HOSPITALARES LTDA;PB;03.748.854/0001-49;GASTROPROCTO HOSPITAL DIA E SERVICOS MEDICOS LTDA - ME;RN;;NATAL;TIROL;UMECTANTE PRE-KLENZ 400ml;4;FR;1503-77;6102
327;MEDHOSTER;31/10/2022;5.507;22.958.146/0001-87;MEDHOSTER COMERCIO DE PRODUTOS MEDICOS E HOSPITALARES LTDA;PB;03.748.854/0001-49;GASTROPROCTO HOSPITAL DIA E SERVICOS MEDICOS LTDA - ME;RN;;NATAL;TIROL;INDICADOR QUiMICO TIPO INTEGRADOR TIPO 6 TST 5,3 MIN      ;3;CX;2302;6102
328;MEDHOSTER;31/10/2022;5.507;22.958.146/0001-87;MEDHOSTER COMERCIO DE PRODUTOS MEDICOS E HOSPITALARES LTDA;PB;03.748.854/0001-49;GASTROPROCTO HOSPITAL DIA E SERVICOS MEDICOS LTDA - ME;RN;;NATAL;TIROL;BOWIE DICK PACOTE CX;1;CX;2352;6102
329;MEDHOSTER;31/10/2022;5.507;22.958.146/0001-87;MEDHOSTER COMERCIO DE PRODUTOS MEDICOS E HOSPITALARES LTDA;PB;03.748.854/0001-49;GASTROPROCTO HOSPITAL DIA E SERVICOS MEDICOS LTDA - ME;RN;;NATAL;TIROL;DETERGENTE PROLYSTICA 2X CONCENTRADO ENZIMATICO;1;GL;IC3308;6102
330;MEDHOSTER;;;;;;;;;;;;;;;;
331;MEDHOSTER;;;;;;;;;;;;;;;;
332;MEDHOSTER;;;;;;;;;;;;;;;;
333;MEDHOSTER;;;;;;;;;;;;;;;;
